0,1,2,3,4,5,6,7,9,10,8,3_pct,4_pct,5_pct
เขื่อนสิริกิติ์,อุตรดิตถ์,9510.0,6660.0,7826.08,4976.08,79.73,31.93,27/08/2025,แหล่งน้ำขนาดใหญ่,0.0,0.0,0.82,0.52
เขื่อนศรีนครินทร์,กาญจนบุรี,17745.0,7480.0,13784.18,3519.18,25.6,9.96,27/08/2025,แหล่งน้ำขนาดใหญ่,0.0,0.0,0.78,0.2
เขื่อนวชิราลงกรณ,กาญจนบุรี,8860.0,5848.0,6671.42,3659.42,38.88,15.07,27/08/2025,แหล่งน้ำขนาดใหญ่,0.0,0.0,0.75,0.41
เขื่อนน้ำอูน,สกลนคร,520.0,475.0,390.06,345.06,7.42,3.24,27/08/2025,แหล่งน้ำขนาดใหญ่,0.0,0.0,0.75,0.66
เขื่อนบางพระ,ชลบุรี,117.0,104.94,87.3,75.24,0.16,0.33,27/08/2025,แหล่งน้ำขนาดใหญ่,0.0,0.0,0.75,0.64
เขื่อนรัชชประภา,สุราษฎร์ธานี,5638.84,4287.0,3940.98,2589.44,6.85,3.56,27/08/2025,แหล่งน้ำขนาดใหญ่,0.0,0.0,0.7,0.46
เขื่อนภูมิพล,ตาก,13462.0,9662.0,9230.21,5430.21,62.99,12.0,27/08/2025,แหล่งน้ำขนาดใหญ่,0.0,0.0,0.69,0.4
เขื่อนแม่งัดสมบูรณ์ชล,เชียงใหม่,265.0,253.0,179.54,167.35,4.25,3.62,27/08/2025,แหล่งน้ำขนาดใหญ่,0.0,0.0,0.68,0.63
เขื่อนประแสร์,ระยอง,295.0,275.0,198.06,178.06,2.16,0.04,27/08/2025,แหล่งน้ำขนาดใหญ่,0.0,0.0,0.67,0.6
เขื่อนแม่กวงอุดมธารา,เชียงใหม่,263.0,249.0,171.09,157.09,6.23,0.31,27/08/2025,แหล่งน้ำขนาดใหญ่,0.0,0.0,0.65,0.6
เขื่อนขุนด่านปราการชล,นครนายก,224.0,219.48,138.35,133.83,3.89,2.31,27/08/2025,แหล่งน้ำขนาดใหญ่,0.0,0.0,0.62,0.6
เขื่อนลำแชะ,นครราชสีมา,275.0,268.0,163.66,156.66,0.78,1.24,27/08/2025,แหล่งน้ำขนาดใหญ่,0.0,0.0,0.6,0.57
เขื่อนหนองปลาไหล,ระยอง,164.0,150.25,95.32,81.82,0.84,0.59,27/08/2025,แหล่งน้ำขนาดใหญ่,0.0,0.0,0.58,0.5
เขื่อนนฤบดินทรจินดา,ปราจีนบุรี,295.0,275.5,163.17,148.92,2.17,0.8,27/08/2025,แหล่งน้ำขนาดใหญ่,0.0,0.0,0.55,0.5
เขื่อนแก่งกระจาน,เพชรบุรี,710.0,645.0,391.53,326.53,2.73,2.59,27/08/2025,แหล่งน้ำขนาดใหญ่,0.0,0.0,0.55,0.46
เขื่อนสิรินธร,อุบลราชธานี,1966.47,1135.0,1082.3,250.92,0.61,2.04,27/08/2025,แหล่งน้ำขนาดใหญ่,0.0,0.0,0.55,0.13
เขื่อนแม่มอก,ลำปาง,110.0,94.1,56.58,40.68,1.15,0.19,27/08/2025,แหล่งน้ำขนาดใหญ่,0.0,0.0,0.51,0.37
เขื่อนกิ่วคอหมา,ลำปาง,170.0,163.8,87.1,80.9,5.14,3.38,27/08/2025,แหล่งน้ำขนาดใหญ่,0.0,0.0,0.51,0.48
เขื่อนจุฬาภรณ์,ชัยภูมิ,163.75,127.0,83.58,46.36,1.46,0.0,27/08/2025,แหล่งน้ำขนาดใหญ่,0.0,0.0,0.51,0.28
เขื่อนกิ่วลม,ลำปาง,106.22,102.67,52.73,49.18,5.76,6.19,27/08/2025,แหล่งน้ำขนาดใหญ่,0.0,0.0,0.5,0.46
เขื่อนแควน้อยบำรุงแดน,พิษณุโลก,939.0,896.0,430.83,387.83,14.16,1.3,27/08/2025,แหล่งน้ำขนาดใหญ่,0.0,0.0,0.46,0.41
เขื่อนลำปาว,กาฬสินธุ์,1980.0,1880.0,903.94,803.94,28.58,5.06,27/08/2025,แหล่งน้ำขนาดใหญ่,0.0,0.0,0.46,0.41
เขื่อนบางลาง,ยะลา,1454.36,1178.08,647.93,371.65,2.03,6.01,27/08/2025,แหล่งน้ำขนาดใหญ่,0.0,0.0,0.45,0.26
เขื่อนมูลบน,นครราชสีมา,141.0,134.0,59.01,52.01,0.1,0.52,27/08/2025,แหล่งน้ำขนาดใหญ่,0.0,0.0,0.42,0.37
เขื่อนน้ำพุง,สกลนคร,165.48,157.0,66.37,57.69,3.58,0.3,27/08/2025,แหล่งน้ำขนาดใหญ่,0.0,0.0,0.4,0.35
เขื่อนห้วยหลวง,อุดรธานี,135.57,128.98,50.32,43.73,4.15,0.47,27/08/2025,แหล่งน้ำขนาดใหญ่,0.0,0.0,0.37,0.32
เขื่อนปราณบุรี,ประจวบคีรีขันธ์,391.0,373.41,142.7,125.11,0.52,0.34,27/08/2025,แหล่งน้ำขนาดใหญ่,0.0,0.0,0.37,0.32
เขื่อนกระเสียว,สุพรรณบุรี,299.0,259.0,109.0,69.0,0.58,0.06,27/08/2025,แหล่งน้ำขนาดใหญ่,0.0,0.0,0.36,0.23
เขื่อนลำพระเพลิง,นครราชสีมา,155.0,153.6,49.4,48.0,0.28,0.48,27/08/2025,แหล่งน้ำขนาดใหญ่,0.0,0.0,0.32,0.31
เขื่อนป่าสักชลสิทธิ์,สระบุรี,960.0,957.0,285.46,282.46,10.84,1.3,27/08/2025,แหล่งน้ำขนาดใหญ่,0.0,0.0,0.3,0.29
เขื่อนอุบลรัตน์,ขอนแก่น,2431.32,1850.0,676.36,94.69,13.44,4.03,27/08/2025,แหล่งน้ำขนาดใหญ่,0.0,0.0,0.28,0.04
เขื่อนลำนางรอง,บุรีรัมย์,121.41,118.0,29.12,25.67,0.1,0.0,27/08/2025,แหล่งน้ำขนาดใหญ่,0.0,0.0,0.24,0.21
เขื่อนลำตะคอง,นครราชสีมา,314.49,291.79,71.0,48.3,0.87,0.09,27/08/2025,แหล่งน้ำขนาดใหญ่,0.0,0.0,0.23,0.15
เขื่อนคลองสียัด,ฉะเชิงเทรา,420.0,390.0,71.11,41.11,3.43,0.13,27/08/2025,แหล่งน้ำขนาดใหญ่,0.0,0.0,0.17,0.1
เขื่อนทับเสลา,อุทัยธานี,160.0,143.0,26.52,9.52,0.0,0.0,27/08/2025,แหล่งน้ำขนาดใหญ่,0.0,0.0,0.17,0.06
ห้วยกะเบา,มุกดาหาร,5.07,5.68,5.28,1.96,0.0,0.0,แหล่งน้ำขนาดกลาง,0,0.0,1.11,1.13,0.0
ห้วยแฮต,น่าน,5.0,5.48,4.94,2.87,2.23,0.0,แหล่งน้ำขนาดกลาง,0,0.0,1.1,1.11,0.0
ด่านชุมพล,ตราด,5.6,5.99,5.69,0.57,0.13,0.0,แหล่งน้ำขนาดกลาง,0,0.0,1.07,1.11,0.0
ห้วยศรีคุณ,มุกดาหาร,2.312,2.4,2.38,0.59,0.0,0.0,แหล่งน้ำขนาดกลาง,0,0.0,1.04,1.04,0.0
น้ำแหง,น่าน,13.0,13.48,10.61,4.0,3.88,0.0,แหล่งน้ำขนาดกลาง,0,0.0,1.04,1.05,0.0
ห้วยผักดอก,นครพนม,2.8,2.84,2.54,0.82,0.0,0.0,แหล่งน้ำขนาดกลาง,0,0.0,1.01,1.02,0.0
ทรายทอง,นครนายก,2.0,2.03,1.91,0.08,0.05,0.0,แหล่งน้ำขนาดกลาง,0,0.0,1.01,1.01,0.0
ห้วยนางออ,มุกดาหาร,3.3,3.33,2.88,0.82,0.0,0.0,แหล่งน้ำขนาดกลาง,0,0.0,1.01,1.01,0.0
แม่ทรายคำ,ลำปาง,1.248,1.26,1.12,0.54,0.12,0.0,แหล่งน้ำขนาดกลาง,0,0.0,1.01,1.01,0.0
แม่ต่ำ,ลำปาง,2.54,2.56,1.87,0.19,0.15,0.0,แหล่งน้ำขนาดกลาง,0,0.0,1.01,1.01,0.0
สันหนอง,เชียงใหม่,1.45,1.46,1.11,0.04,0.05,0.0,แหล่งน้ำขนาดกลาง,0,0.0,1.0,1.01,0.0
แม่ทรายคำ,ลำปาง,1.248,1.62,1.47,0.42,0.06,0.0,แหล่งน้ำขนาดกลาง,0,0.0,1.0,1.32,0.0
ห้วยแม่สัน,ลำปาง,3.525,3.53,3.49,1.08,0.06,0.0,แหล่งน้ำขนาดกลาง,0,0.0,1.0,1.0,0.0
แม่วะ,แพร่,5.9,5.91,4.96,1.65,0.37,0.0,แหล่งน้ำขนาดกลาง,0,0.0,1.0,1.0,0.0
น้ำพง,น่าน,1.31,1.49,1.12,0.86,0.72,0.0,แหล่งน้ำขนาดกลาง,0,0.0,1.0,1.19,0.0
แม่ค่อม,ลำปาง,1.356,1.36,1.2,0.34,0.02,0.0,แหล่งน้ำขนาดกลาง,0,0.0,1.0,1.0,0.0
แม่เฟือง,ลำปาง,1.132,1.13,0.95,0.57,0.07,0.0,แหล่งน้ำขนาดกลาง,0,0.0,1.0,1.0,0.0
คลองสวนหนัง,สุราษฎร์ธานี,1.29,1.29,1.27,0.04,0.02,0.0,แหล่งน้ำขนาดกลาง,0,0.0,1.0,1.0,0.0
วังปลาหมอ,ตราด,8.15,6.6,6.0,0.0,0.0,0.0,แหล่งน้ำขนาดกลาง,0,0.0,1.0,0.79,0.0
ห้วยตะแบง,ศรีสะเกษ,6.88,6.77,6.47,0.31,0.3,0.0,แหล่งน้ำขนาดกลาง,0,0.0,0.98,0.98,0.0
บ้านสันกำแพง,นครราชสีมา,6.4,6.26,5.5,0.22,0.14,0.0,แหล่งน้ำขนาดกลาง,0,0.0,0.98,0.97,0.0
แม่ออน,เชียงใหม่,4.53,4.36,3.56,0.07,0.1,0.0,แหล่งน้ำขนาดกลาง,0,0.0,0.96,0.96,0.0
ห้วยทา,ศรีสะเกษ,29.58,28.48,25.18,0.06,0.04,0.0,แหล่งน้ำขนาดกลาง,0,0.0,0.96,0.93,0.0
ห้วยซำ อ.โซ่พิสัย,บึงกาฬ,2.4,2.29,1.76,0.14,0.06,0.0,แหล่งน้ำขนาดกลาง,0,0.0,0.95,1.15,0.0
บ้านมะนาว,ตราด,2.35,2.24,2.17,0.02,0.04,0.0,แหล่งน้ำขนาดกลาง,0,0.0,0.95,1.35,0.0
ศาลทราย,จันทบุรี,10.0,9.43,8.43,0.74,0.66,0.0,แหล่งน้ำขนาดกลาง,0,0.0,0.94,0.94,0.0
ห้วยหวด อ.เต่างอย,สกลนคร,21.0,19.76,18.47,0.0,0.25,0.0,แหล่งน้ำขนาดกลาง,0,0.0,0.94,0.94,0.0
ห้วยน้ำฮิ,น่าน,6.0,5.64,5.24,0.15,0.16,0.0,แหล่งน้ำขนาดกลาง,0,0.0,0.94,0.94,0.0
ห้วยเดียก อ.เมือง,สกลนคร,4.0,3.74,3.5,0.26,0.28,0.0,แหล่งน้ำขนาดกลาง,0,0.0,0.94,0.93,0.0
ห้วยปรือ,นครนายก,8.86,8.21,8.09,0.08,0.02,0.0,แหล่งน้ำขนาดกลาง,0,0.0,0.93,0.93,0.0
ห้วยโดน,อุบลราชธานี,4.7,4.35,3.8,0.24,0.23,0.0,แหล่งน้ำขนาดกลาง,0,0.0,0.93,0.92,0.0
หนองสำโรง อ.เมือง,อุดรธานี,4.302,10.5,2.29,0.95,0.01,0.0,แหล่งน้ำขนาดกลาง,0,0.0,0.92,0.58,0.0
เขาระกำ,ตราด,47.69,43.85,41.54,0.29,0.04,0.0,แหล่งน้ำขนาดกลาง,0,0.0,0.92,0.89,0.0
คลองระโอก,ระยอง,19.65,17.97,17.48,0.17,0.08,0.0,แหล่งน้ำขนาดกลาง,0,0.0,0.91,0.9,0.0
กุดลิงง้อ อ.เมือง,อุดรธานี,6.44,5.88,5.65,0.03,0.01,0.0,แหล่งน้ำขนาดกลาง,0,0.0,0.91,0.9,0.0
คลองตรอน,อุตรดิตถ์,59.0,53.81,47.81,2.05,0.38,0.0,แหล่งน้ำขนาดกลาง,0,0.0,0.91,0.9,0.0
แม่ใจ,พะเยา,3.0,2.69,1.59,0.04,0.0,0.0,แหล่งน้ำขนาดกลาง,0,0.0,0.9,0.64,0.0
คลองหาดส้มแป้น,ระนอง,10.0,8.91,7.11,0.82,0.37,0.0,แหล่งน้ำขนาดกลาง,0,0.0,0.89,0.72,0.0
ห้วยหินกอง,อุบลราชธานี,8.0,7.1,5.4,0.28,0.22,0.0,แหล่งน้ำขนาดกลาง,0,0.0,0.89,0.86,0.0
ห้วยลึก,ตาก,5.8,5.15,5.05,0.02,0.0,0.0,แหล่งน้ำขนาดกลาง,0,0.0,0.89,0.89,0.0
คลองวังบอน,ปราจีนบุรี,7.56,6.71,6.43,0.16,0.04,0.0,แหล่งน้ำขนาดกลาง,0,0.0,0.88,0.87,0.0
ห้วยแคน,นครพนม,11.014,9.7,9.15,0.0,0.0,0.0,แหล่งน้ำขนาดกลาง,0,0.0,0.88,0.83,0.0
แม่คำปอง,แพร่,6.76,5.89,5.76,0.08,0.2,0.0,แหล่งน้ำขนาดกลาง,0,0.0,0.87,0.87,0.0
แม่ถาง,แพร่,30.62,26.44,23.94,0.06,0.14,0.0,แหล่งน้ำขนาดกลาง,0,0.0,0.86,0.85,0.0
ลำพันชาด อ.วังสามหมอ,กาฬสินธุ์,47.0,46.01,40.13,4.83,0.92,0.0,แหล่งน้ำขนาดกลาง,0,0.0,0.86,0.98,0.0
ห้วยโทง อ.วานรนิวาส,สกลนคร,7.6,6.46,6.42,0.11,0.06,0.0,แหล่งน้ำขนาดกลาง,0,0.0,0.85,0.85,0.0
ห้วยลึก,กระบี่,2.45,2.08,2.02,0.04,0.04,0.0,แหล่งน้ำขนาดกลาง,0,0.0,0.85,0.85,0.0
คลองกลาง,ปราจีนบุรี,3.1,2.63,2.53,0.05,0.02,0.0,แหล่งน้ำขนาดกลาง,0,0.0,0.85,0.84,0.0
ทับลาน,ปราจีนบุรี,2.725,2.31,1.81,0.05,0.05,0.0,แหล่งน้ำขนาดกลาง,0,0.0,0.85,0.81,0.0
น้ำพรม,ชัยภูมิ,3.434,2.83,2.75,1.17,0.66,0.0,แหล่งน้ำขนาดกลาง,0,0.0,0.85,0.82,0.0
ลำพันชาดน้อย อ.วังสามหมอ,อุดรธานี,1.9,1.61,1.47,0.23,0.22,0.0,แหล่งน้ำขนาดกลาง,0,0.0,0.85,0.83,0.0
ห้วยละมืด,อุบลราชธานี,6.7,5.67,5.57,0.21,0.15,0.0,แหล่งน้ำขนาดกลาง,0,0.0,0.85,1.12,0.0
คลองหยา,กระบี่,3.2,2.71,2.67,0.02,0.04,0.0,แหล่งน้ำขนาดกลาง,0,0.0,0.85,0.84,0.0
แม่ปืม,พะเยา,43.0,42.38,40.73,0.0,0.0,0.0,แหล่งน้ำขนาดกลาง,0,0.0,0.84,0.99,0.0
คลองไม้ปล้อง,ปราจีนบุรี,11.335,9.45,9.34,0.02,0.07,0.0,แหล่งน้ำขนาดกลาง,0,0.0,0.83,0.83,0.0
แม่ทก,ลำปาง,1.113,0.93,0.87,0.23,0.05,0.0,แหล่งน้ำขนาดกลาง,0,0.0,0.83,0.82,0.0
บุ่งหมากโมง,นครพนม,2.19,1.81,1.41,0.0,0.0,0.0,แหล่งน้ำขนาดกลาง,0,0.0,0.83,0.8,0.0
แม่เลียง,ลำปาง,6.9,5.69,4.89,0.49,0.44,0.0,แหล่งน้ำขนาดกลาง,0,0.0,0.83,0.8,0.0
ห้วยหินลาด,มุกดาหาร,1.7,1.1,0.7,0.03,0.02,0.0,แหล่งน้ำขนาดกลาง,0,0.0,0.82,0.41,0.0
แม่สอง,แพร่,65.8,53.65,41.05,1.71,1.2,0.0,แหล่งน้ำขนาดกลาง,0,0.0,0.82,0.77,0.0
หนองปะโค อ.กุมภวาปี,อุดรธานี,3.076,2.49,1.49,0.03,0.0,0.0,แหล่งน้ำขนาดกลาง,0,0.0,0.81,0.72,0.0
คลองโสน,ตราด,65.0,52.41,49.93,0.91,0.04,0.0,แหล่งน้ำขนาดกลาง,0,0.0,0.81,0.8,0.0
คลองสะพานหิน,ตราด,20.0,16.11,15.61,0.13,0.1,0.0,แหล่งน้ำขนาดกลาง,0,0.0,0.81,0.8,0.0
ห้วยสะกาด,นครราชสีมา,3.578,2.87,2.75,0.01,0.0,0.0,แหล่งน้ำขนาดกลาง,0,0.0,0.8,0.8,0.0
ห้วยช้าง,เชียงราย,6.3,5.06,4.76,0.17,0.24,0.0,แหล่งน้ำขนาดกลาง,0,0.0,0.8,0.79,0.0
ห้วยรังแร้ง อ.บ้านม่วง,สกลนคร,2.2,1.76,1.66,0.0,0.0,0.0,แหล่งน้ำขนาดกลาง,0,0.0,0.8,0.83,0.0
น้ำเลย,เลย,35.807,28.68,22.82,8.15,2.17,0.0,แหล่งน้ำขนาดกลาง,0,0.0,0.8,0.76,0.0
ดอกกราย,ระยอง,79.411,57.01,54.01,0.15,0.05,0.0,แหล่งน้ำขนาดกลาง,0,0.0,0.8,0.71,0.0
บ้านดงมะไฟ อ. บ้านม่วง,สกลนคร,1.0,0.8,0.7,0.0,0.0,0.0,แหล่งน้ำขนาดกลาง,0,0.0,0.8,0.77,0.0
คลองสีเสียด,ปราจีนบุรี,1.14,0.91,0.84,0.01,0.04,0.0,แหล่งน้ำขนาดกลาง,0,0.0,0.8,0.77,0.0
ห้วยน้ำคำ,ศรีสะเกษ,2.45,1.95,1.84,0.0,0.0,0.0,แหล่งน้ำขนาดกลาง,0,0.0,0.8,0.79,0.0
แม่เรียง,ลำปาง,1.12,0.89,0.55,0.39,0.02,0.0,แหล่งน้ำขนาดกลาง,0,0.0,0.8,0.71,0.0
ห้วยกระเฌอ อ.กุดบาก,กาฬสินธุ์,8.99,7.11,6.41,0.0,0.0,0.0,แหล่งน้ำขนาดกลาง,0,0.0,0.79,0.77,0.0
แม่ต๋ำน้อย,ลำปาง,1.09,0.79,0.72,0.0,0.05,0.0,แหล่งน้ำขนาดกลาง,0,0.0,0.79,0.7,0.0
แม่โก๋น,เชียงใหม่,5.53,4.36,4.04,0.05,0.07,0.0,แหล่งน้ำขนาดกลาง,0,0.0,0.79,0.78,0.0
ลำเชียงไกร ตอนบน,นครราชสีมา,8.4,6.62,5.67,0.21,0.27,0.0,แหล่งน้ำขนาดกลาง,0,0.0,0.79,0.76,0.0
ห้วยคำ อ.วานรนิวาส,สกลนคร,6.5,5.12,4.72,0.02,0.0,0.0,แหล่งน้ำขนาดกลาง,0,0.0,0.79,0.77,0.0
อ่างฯ คลองไพร,กำแพงเพชร,0.0,11.3,11.27,0.23,0.03,0.0,แหล่งน้ำขนาดกลาง,0,0.0,0.79,0.0,0.0
แม่ตูบ,ลำพูน,39.0,30.65,30.15,0.17,0.17,0.0,แหล่งน้ำขนาดกลาง,0,0.0,0.79,0.78,0.0
แม่ตีบ,ลำพูน,10.0,7.84,7.34,0.0,0.0,0.0,แหล่งน้ำขนาดกลาง,0,0.0,0.78,0.77,0.0
แม่จอกหลวง,เชียงใหม่,1.1,0.86,0.76,0.0,0.0,0.0,แหล่งน้ำขนาดกลาง,0,0.0,0.78,0.76,0.0
ห้วยยางพะไล,นครราชสีมา,13.3,10.39,9.84,0.0,0.08,0.0,แหล่งน้ำขนาดกลาง,0,0.0,0.78,0.77,0.0
แม่ยาว,ลำปาง,3.48,2.71,2.43,0.06,0.05,0.0,แหล่งน้ำขนาดกลาง,0,0.0,0.78,0.76,0.0
ห้วยซวง อ.วานรนิวาส,สกลนคร,6.0,4.67,4.27,0.05,0.0,0.0,แหล่งน้ำขนาดกลาง,0,0.0,0.78,0.76,0.0
ห้วยก้านเหลือง อ.ส่องดาว,สกลนคร,5.9,4.58,4.06,0.16,0.1,0.0,แหล่งน้ำขนาดกลาง,0,0.0,0.78,0.76,0.0
ห้วยคันแทใหญ่,มุกดาหาร,0.0,3.59,3.58,0.0,0.02,0.0,แหล่งน้ำขนาดกลาง,0,0.0,0.78,0.0,0.0
ห้วยมะนาว,เชียงใหม่,4.3,3.31,3.21,0.0,0.0,0.0,แหล่งน้ำขนาดกลาง,0,0.0,0.77,0.76,0.0
ห้วยทรายตอนบน 1 อ.เมือง,สกลนคร,2.1,1.62,1.34,0.0,0.0,0.0,แหล่งน้ำขนาดกลาง,0,0.0,0.77,0.73,0.0
ห้วยคำบากน้อย อ.สว่างแดนดิน,อุดรธานี,4.0,3.07,2.57,0.03,0.0,0.0,แหล่งน้ำขนาดกลาง,0,0.0,0.77,0.73,0.0
ห้วยทรายขมิ้น อ.เมือง,สกลนคร,2.4,2.42,2.18,0.0,0.11,0.0,แหล่งน้ำขนาดกลาง,0,0.0,0.76,0.96,0.0
ห้วยน้ำหมาน อ.เมือง,เลย,26.5,20.15,18.68,1.22,0.59,0.0,แหล่งน้ำขนาดกลาง,0,0.0,0.76,0.75,0.0
แม่ธิ,ลำปาง,1.59,1.21,1.1,0.04,0.02,0.0,แหล่งน้ำขนาดกลาง,0,0.0,0.76,0.74,0.0
ห้วยแม่ข้อน,เชียงใหม่,4.08,3.09,2.74,0.4,0.42,0.0,แหล่งน้ำขนาดกลาง,0,0.0,0.76,0.73,0.0
โป่งจ้อ,เชียงใหม่,2.6,2.08,2.03,0.02,0.0,0.0,แหล่งน้ำขนาดกลาง,0,0.0,0.75,0.8,0.0
แม่แหลงหลวง,เชียงใหม่,3.641,2.73,2.61,0.05,0.04,0.0,แหล่งน้ำขนาดกลาง,0,0.0,0.75,0.74,0.0
แม่กึ๊ด,ลำปาง,1.3,0.98,0.81,0.1,0.07,0.0,แหล่งน้ำขนาดกลาง,0,0.0,0.75,0.71,0.0
บ้านจรัส,สุรินทร์,15.0,11.24,10.74,0.15,0.0,0.0,แหล่งน้ำขนาดกลาง,0,0.0,0.75,0.74,0.0
ห้วยสามพาด อ.หนองแสง,อุดรธานี,15.0,13.81,12.91,0.8,0.06,0.0,แหล่งน้ำขนาดกลาง,0,0.0,0.75,0.91,0.0
หนองบัว,มหาสารคาม,3.58,2.67,2.18,0.01,0.01,0.0,แหล่งน้ำขนาดกลาง,0,0.0,0.75,0.71,0.0
น้ำซับคำโรงสี อ. บ้านม่วง,สกลนคร,2.0,1.49,0.99,0.0,0.0,0.0,แหล่งน้ำขนาดกลาง,0,0.0,0.75,0.66,0.0
แม่ปอน,ลำปาง,1.813,1.34,1.19,0.07,0.04,0.0,แหล่งน้ำขนาดกลาง,0,0.0,0.74,0.71,0.0
ห้วยตามาย,ศรีสะเกษ,37.29,27.42,26.77,0.08,0.32,0.0,แหล่งน้ำขนาดกลาง,0,0.0,0.74,0.73,0.0
อ่างฯ ห้วยแม่เฉย,อุตรดิตถ์,4.0,2.93,2.66,0.08,0.23,0.0,แหล่งน้ำขนาดกลาง,0,0.0,0.73,0.71,0.0
ภูเพ็ก อ.พรรณานิคม,สกลนคร,2.7,1.98,1.8,0.02,0.02,0.0,แหล่งน้ำขนาดกลาง,0,0.0,0.73,0.71,0.0
ห้วยเดื่อ,เชียงใหม่,4.276,3.13,2.85,0.03,0.03,0.0,แหล่งน้ำขนาดกลาง,0,0.0,0.73,0.71,0.0
ห้วยสีทน,กาฬสินธุ์,3.55,2.59,2.5,0.29,0.03,0.0,แหล่งน้ำขนาดกลาง,0,0.0,0.73,0.7,0.0
ห้วยนา,เพชรบูรณ์,5.65,4.11,3.51,0.26,0.13,0.0,แหล่งน้ำขนาดกลาง,0,0.0,0.73,0.7,0.0
แม่สาน,ลำพูน,16.0,11.57,10.69,0.03,0.0,0.0,แหล่งน้ำขนาดกลาง,0,0.0,0.72,0.68,0.0
คลองเพรียว,สระบุรี,7.2,5.2,5.1,0.0,0.0,0.0,แหล่งน้ำขนาดกลาง,0,0.0,0.72,0.72,0.0
ห้วยตู้ 2,ชลบุรี,2.97,2.09,1.89,0.0,0.0,0.0,แหล่งน้ำขนาดกลาง,0,0.0,0.72,0.68,0.0
มาบฟักทอง 2,ชลบุรี,1.98,1.44,1.25,0.0,0.0,0.0,แหล่งน้ำขนาดกลาง,0,0.0,0.72,0.7,0.0
แม่ต๋ำ,ลำปาง,37.0,29.88,27.38,0.0,0.26,0.0,แหล่งน้ำขนาดกลาง,0,0.0,0.72,0.79,0.0
แม่สาย,แพร่,10.5,7.56,6.16,0.0,0.1,0.0,แหล่งน้ำขนาดกลาง,0,0.0,0.72,0.68,0.0
ห้วยบะอีแตน,นครราชสีมา,1.8,1.3,0.99,0.0,0.0,0.0,แหล่งน้ำขนาดกลาง,0,0.0,0.72,0.66,0.0
ห้วยด่านไอ,ศรีสะเกษ,8.03,5.77,5.07,0.45,0.14,0.0,แหล่งน้ำขนาดกลาง,0,0.0,0.72,0.68,0.0
ห้วยเสนง,สุรินทร์,21.962,15.79,14.97,0.21,0.2,0.0,แหล่งน้ำขนาดกลาง,0,0.0,0.72,0.71,0.0
คลองส้มป่อย,สระแก้ว,1.8,1.29,1.19,0.0,0.0,0.0,แหล่งน้ำขนาดกลาง,0,0.0,0.72,0.7,0.0
ห้วยแห้ว อ.เมือง,เลย,2.73,1.95,1.76,0.33,0.0,0.0,แหล่งน้ำขนาดกลาง,0,0.0,0.71,0.69,0.0
แม่ทะลบหลวง,เชียงใหม่,15.3,10.93,8.63,0.09,0.03,0.0,แหล่งน้ำขนาดกลาง,0,0.0,0.71,0.66,0.0
ห้วยเปลวเงือก อ.โพนพิสัย,หนองคาย,2.75,1.96,1.84,0.2,0.0,0.0,แหล่งน้ำขนาดกลาง,0,0.0,0.71,0.7,0.0
ห้วยชัน,สระแก้ว,4.0,2.85,1.99,0.0,0.01,0.0,แหล่งน้ำขนาดกลาง,0,0.0,0.71,0.63,0.0
ห้วยโพธิ์,กาฬสินธุ์,2.44,1.74,1.51,0.21,0.22,0.0,แหล่งน้ำขนาดกลาง,0,0.0,0.71,0.68,0.0
ห้วยจระเข้มาก,บุรีรัมย์,26.02,18.52,16.91,0.05,0.01,0.0,แหล่งน้ำขนาดกลาง,0,0.0,0.71,0.69,0.0
ห้วยก้านเหลือง,สกลนคร,7.408,5.27,4.55,0.31,0.0,0.0,แหล่งน้ำขนาดกลาง,0,0.0,0.71,0.62,0.0
ห้วยน้ำสวย อ.นาด้วง,เลย,3.3,2.34,1.39,0.28,0.1,0.0,แหล่งน้ำขนาดกลาง,0,0.0,0.71,0.59,0.0
มาบฟักทอง 1,ชลบุรี,1.23,0.87,0.67,0.0,0.0,0.0,แหล่งน้ำขนาดกลาง,0,0.0,0.7,0.65,0.0
ห้วยวังใหญ่,อุบลราชธานี,8.0,5.63,4.83,0.01,0.0,0.0,แหล่งน้ำขนาดกลาง,0,0.0,0.7,0.67,0.0
ห้วยจันลา,อุบลราชธานี,16.9,11.88,11.28,0.01,0.0,0.0,แหล่งน้ำขนาดกลาง,0,0.0,0.7,0.69,0.0
ห้วยโป่ง อ.พังโคน,สกลนคร,1.63,1.15,0.32,0.0,0.0,0.0,แหล่งน้ำขนาดกลาง,0,0.0,0.7,0.25,0.0
ห้วยส้มโฮง,นครพนม,3.12,2.19,2.17,0.0,0.0,0.0,แหล่งน้ำขนาดกลาง,0,0.0,0.7,0.7,0.0
ห้วยพลาญเสือ(ห้วยผึ้ง),อุบลราชธานี,33.5,23.47,22.35,0.0,0.0,0.0,แหล่งน้ำขนาดกลาง,0,0.0,0.7,0.69,0.0
ห้วยโอตาลัต,ศรีสะเกษ,3.8,2.66,2.21,0.0,0.0,0.0,แหล่งน้ำขนาดกลาง,0,0.0,0.7,0.66,0.0
ห้วยขาหน้า,มุกดาหาร,1.7,1.19,0.82,0.0,0.0,0.0,แหล่งน้ำขนาดกลาง,0,0.0,0.7,0.69,0.0
ห้วยเคลิ้ม อ.เมือง,สกลนคร,1.5,1.05,0.94,0.0,0.0,0.0,แหล่งน้ำขนาดกลาง,0,0.0,0.7,0.68,0.0
ห้วยแม่งอน,ลำปาง,1.28,0.9,0.78,0.04,0.15,0.0,แหล่งน้ำขนาดกลาง,0,0.0,0.7,0.67,0.0
ห้วยหินขาว,สระบุรี,1.1,0.77,0.67,0.0,0.0,0.0,แหล่งน้ำขนาดกลาง,0,0.0,0.7,0.67,0.0
ห้วยทราย อ.น้ำโสม,อุดรธานี,2.288,1.59,1.34,0.0,0.05,0.0,แหล่งน้ำขนาดกลาง,0,0.0,0.69,0.66,0.0
ห้วยลำพอก,สุรินทร์,11.2,10.08,9.43,0.2,0.01,0.0,แหล่งน้ำขนาดกลาง,0,0.0,0.69,0.89,0.0
ห้วยมะโน,กาฬสินธุ์,5.815,4.01,3.41,0.12,0.07,0.0,แหล่งน้ำขนาดกลาง,0,0.0,0.69,0.65,0.0
อ่างแม่ไพร,ลำปาง,3.2,2.2,2.07,0.05,0.03,0.0,แหล่งน้ำขนาดกลาง,0,0.0,0.69,0.68,0.0
อ่างฯ ห้วยตะคองใหญ่ อ.บ้านผือ,อุดรธานี,0.0,5.78,5.48,0.02,0.1,0.0,แหล่งน้ำขนาดกลาง,0,0.0,0.69,0.0,0.0
ห้วยกะเลงเวก,สุรินทร์,3.4,2.33,1.93,0.0,0.0,0.0,แหล่งน้ำขนาดกลาง,0,0.0,0.68,0.64,0.0
อำปึล,สุรินทร์,27.675,18.86,17.43,0.11,0.01,0.0,แหล่งน้ำขนาดกลาง,0,0.0,0.68,0.66,0.0
แม่เมย,ลำพูน,3.6,2.45,2.43,0.03,0.03,0.0,แหล่งน้ำขนาดกลาง,0,0.0,0.68,0.73,0.0
ห้วยเรือ อ.เมือง,ร้อยเอ็ด,2.9,1.97,1.82,0.0,0.0,0.0,แหล่งน้ำขนาดกลาง,0,0.0,0.68,0.66,0.0
บางวาด,ภูเก็ต,10.2,6.91,6.64,0.08,0.02,0.0,แหล่งน้ำขนาดกลาง,0,0.0,0.68,0.67,0.0
ห้วยหินชะแนนใหญ่ อ.กุสุมาลย์,สกลนคร,12.5,8.47,8.29,0.0,0.0,0.0,แหล่งน้ำขนาดกลาง,0,0.0,0.68,0.67,0.0
ห้วยไร่2,มุกดาหาร,2.68,1.81,1.51,0.09,0.03,0.0,แหล่งน้ำขนาดกลาง,0,0.0,0.68,0.64,0.0
ห้วยจุมจัง,ร้อยเอ็ด,7.381,4.99,4.32,1.01,0.0,0.0,แหล่งน้ำขนาดกลาง,0,0.0,0.68,0.64,0.0
ห้วยแข้ อ.ภูพาน,กาฬสินธุ์,3.8,2.56,2.34,0.0,0.0,0.0,แหล่งน้ำขนาดกลาง,0,0.0,0.67,0.65,0.0
อ่างฯ คลองกะทะ,ภูเก็ต,0.0,2.79,2.63,0.02,0.02,0.0,แหล่งน้ำขนาดกลาง,0,0.0,0.67,0.0,0.0
ห้วยสำราญ,ศรีสะเกษ,12.35,8.32,7.02,0.0,0.0,0.0,แหล่งน้ำขนาดกลาง,0,0.0,0.67,0.64,0.0
หนองกก,นครราชสีมา,2.967,2.0,1.82,0.02,0.0,0.0,แหล่งน้ำขนาดกลาง,0,0.0,0.67,0.65,0.0
แม่ล้อหัก,ตาก,1.336,0.89,0.85,0.0,0.0,0.0,แหล่งน้ำขนาดกลาง,0,0.0,0.67,0.66,0.0
ห้วยสังเคียบ,กาฬสินธุ์,7.5,5.02,4.49,0.59,0.07,0.0,แหล่งน้ำขนาดกลาง,0,0.0,0.67,0.64,0.0
ห้วยอ่าง อ.เมือง,สกลนคร,0.0,1.0,0.88,0.0,0.0,0.0,แหล่งน้ำขนาดกลาง,0,0.0,0.67,0.0,0.0
ห้วยน้ำบอง,หนองบัวลำภู,20.8,13.9,11.72,0.23,0.17,0.0,แหล่งน้ำขนาดกลาง,0,0.0,0.67,0.63,0.0
ห้วยคำผักหนาม อ.บ้านม่วง,สกลนคร,2.91,1.94,1.5,0.0,0.0,0.0,แหล่งน้ำขนาดกลาง,0,0.0,0.67,0.61,0.0
ห้วยใหญ่,ขอนแก่น,1.255,0.93,0.56,0.04,0.04,0.0,แหล่งน้ำขนาดกลาง,0,0.0,0.67,0.64,0.0
แม่ต๊าก,เชียงราย,9.0,8.66,7.21,0.62,0.76,0.0,แหล่งน้ำขนาดกลาง,0,0.0,0.67,0.95,0.0
ห้วยเกี๋ยง,ลำปาง,11.6,7.71,7.11,0.09,0.03,0.0,แหล่งน้ำขนาดกลาง,0,0.0,0.66,0.65,0.0
ห้วยบังพวน อ.ท่าบ่อ,อุดรธานี,8.62,5.73,5.47,1.2,0.81,0.0,แหล่งน้ำขนาดกลาง,0,0.0,0.66,0.67,0.0
บางกำปรัด,กระบี่,16.0,10.6,9.1,0.19,0.1,0.0,แหล่งน้ำขนาดกลาง,0,0.0,0.66,0.67,0.0
ห้วยสะแบก,อำนาจเจริญ,30.3,20.04,19.43,0.29,0.0,0.0,แหล่งน้ำขนาดกลาง,0,0.0,0.66,0.65,0.0
ห้วยตลาด,บุรีรัมย์,27.82,20.4,17.46,0.08,0.03,0.0,แหล่งน้ำขนาดกลาง,0,0.0,0.66,0.65,0.0
ห้วยลิ้นควาย อ.นาด้วง,เลย,29.0,19.11,17.11,1.13,0.35,0.0,แหล่งน้ำขนาดกลาง,0,0.0,0.66,0.63,0.0
ห้วยหมากไฟ,มุกดาหาร,1.5,0.99,0.69,0.07,0.03,0.0,แหล่งน้ำขนาดกลาง,0,0.0,0.66,0.57,0.0
ห้วยแร้ง,ตราด,36.8,24.19,21.68,1.39,0.03,0.0,แหล่งน้ำขนาดกลาง,0,0.0,0.66,0.65,0.0
ห้วยยาง,สุพรรณบุรี,1.6,1.05,0.9,0.0,0.0,0.0,แหล่งน้ำขนาดกลาง,0,0.0,0.66,0.62,0.0
ห้วยแก้ว,สุรินทร์,4.919,3.22,2.78,0.0,0.02,0.0,แหล่งน้ำขนาดกลาง,0,0.0,0.65,0.62,0.0
แม่ฟ้า,ลำปาง,23.5,13.01,11.91,0.76,0.11,0.0,แหล่งน้ำขนาดกลาง,0,0.0,0.65,0.52,0.0
แม่ทะ,ลำปาง,2.54,1.65,1.41,0.22,0.04,0.0,แหล่งน้ำขนาดกลาง,0,0.0,0.65,0.61,0.0
ห้วยสมัย,แพร่,1.2,0.78,0.61,0.1,0.03,0.0,แหล่งน้ำขนาดกลาง,0,0.0,0.65,0.59,0.0
แม่ไฮ,ลำปาง,1.225,0.79,0.68,0.04,0.03,0.0,แหล่งน้ำขนาดกลาง,0,0.0,0.64,0.61,0.0
ลำตะเพิน,สุพรรณบุรี,50.0,32.18,27.38,0.02,0.13,0.0,แหล่งน้ำขนาดกลาง,0,0.0,0.64,0.61,0.0
อ่างฯ ห้วยน้ำม้า อ.บ้านผือ,อุดรธานี,0.0,3.45,3.17,0.0,0.05,0.0,แหล่งน้ำขนาดกลาง,0,0.0,0.64,0.0,0.0
แม่พริก,ลำปาง,4.2,2.68,2.28,0.0,0.0,0.0,แหล่งน้ำขนาดกลาง,0,0.0,0.64,0.6,0.0
บ้านจั่น อ.เมือง,อุดรธานี,4.38,2.78,2.77,0.0,0.27,0.0,แหล่งน้ำขนาดกลาง,0,0.0,0.64,0.63,0.0
หนองกลางดง,ชลบุรี,7.65,4.87,4.57,0.01,0.01,0.0,แหล่งน้ำขนาดกลาง,0,0.0,0.64,0.62,0.0
หนองกรองแก้ว,ขอนแก่น,13.589,8.61,4.3,0.01,0.17,0.0,แหล่งน้ำขนาดกลาง,0,0.0,0.63,0.46,0.0
บ้านดงน้อย,มุกดาหาร,5.2,3.29,3.04,0.05,0.0,0.0,แหล่งน้ำขนาดกลาง,0,0.0,0.63,0.61,0.0
ห้วยน้ำบ่อ อ.เมือง,สกลนคร,2.2,1.39,1.31,0.0,0.0,0.0,แหล่งน้ำขนาดกลาง,0,0.0,0.63,0.64,0.0
ช่องกล่ำล่าง,สระแก้ว,2.2,1.39,1.19,0.01,0.0,0.0,แหล่งน้ำขนาดกลาง,0,0.0,0.63,0.59,0.0
คลองใหญ่,ระยอง,45.465,25.14,22.14,0.25,0.34,0.0,แหล่งน้ำขนาดกลาง,0,0.0,0.63,0.52,0.0
ห้วยโพงตอนบน,ยโสธร,12.4,7.76,6.76,0.04,0.0,0.0,แหล่งน้ำขนาดกลาง,0,0.0,0.63,0.59,0.0
ห้วยเหล่ายาง อ.เมือง,หนองบัวลำภู,2.469,1.55,1.43,0.02,0.0,0.0,แหล่งน้ำขนาดกลาง,0,0.0,0.63,0.61,0.0
ห้วยขนุน,อุบลราชธานี,10.2,6.26,5.64,0.4,0.27,0.0,แหล่งน้ำขนาดกลาง,0,0.0,0.63,0.59,0.0
ห้วยหินชะแนน,นครพนม,2.4,1.5,1.37,0.0,0.0,0.0,แหล่งน้ำขนาดกลาง,0,0.0,0.62,0.6,0.0
ห้วยน้ำเขียว,กระบี่,7.3,4.52,4.37,0.0,0.01,0.0,แหล่งน้ำขนาดกลาง,0,0.0,0.62,0.61,0.0
ห้วยป่าเลา,เพชรบูรณ์,8.4,5.2,5.01,0.08,0.0,0.0,แหล่งน้ำขนาดกลาง,0,0.0,0.62,0.61,0.0
คลองพระพุทธ,จันทบุรี,70.51,43.59,42.6,0.0,0.06,0.0,แหล่งน้ำขนาดกลาง,0,0.0,0.62,0.61,0.0
อ่างฯ ห้วยไฮ,อุดรธานี,0.0,2.52,2.32,0.34,0.44,0.0,แหล่งน้ำขนาดกลาง,0,0.0,0.62,0.0,0.0
ห้วยฝา,กาฬสินธุ์,6.422,3.95,3.25,0.57,0.23,0.0,แหล่งน้ำขนาดกลาง,0,0.0,0.61,0.57,0.0
ห้วยท่าเดื่อ,สุพรรณบุรี,2.8,1.72,1.52,0.0,0.0,0.0,แหล่งน้ำขนาดกลาง,0,0.0,0.61,0.58,0.0
หนองช้างใหญ่,อุบลราชธานี,7.675,4.7,4.65,0.17,0.17,0.0,แหล่งน้ำขนาดกลาง,0,0.0,0.61,0.61,0.0
ห้วยศอก,เลย,0.0,6.1,5.99,0.2,0.07,0.0,แหล่งน้ำขนาดกลาง,0,0.0,0.61,0.0,0.0
อ่างฯ บ้านไบก์ อันเนื่องมาจากพระราชดำริ,ยะลา,0.0,0.73,0.7,0.01,0.01,0.0,แหล่งน้ำขนาดกลาง,0,0.0,0.61,0.0,0.0
แม่มาน,แพร่,18.75,11.39,10.29,0.9,0.81,0.0,แหล่งน้ำขนาดกลาง,0,0.0,0.61,0.58,0.0
ห้วยน้ำก้อ,เพชรบูรณ์,20.58,12.42,11.61,0.38,0.07,0.0,แหล่งน้ำขนาดกลาง,0,0.0,0.6,0.59,0.0
แม่ทาน,แพร่,11.4,8.13,6.77,0.03,0.06,0.0,แหล่งน้ำขนาดกลาง,0,0.0,0.6,0.67,0.0
ห้วยตะโก,บุรีรัมย์,3.25,1.94,1.54,0.0,0.0,0.0,แหล่งน้ำขนาดกลาง,0,0.0,0.6,0.56,0.0
หนองเทวราช,มหาสารคาม,1.606,0.96,0.68,0.0,0.0,0.0,แหล่งน้ำขนาดกลาง,0,0.0,0.59,0.51,0.0
คลองกะทูน,นครศรีธรรมราช,70.5,41.86,27.56,0.62,0.69,0.0,แหล่งน้ำขนาดกลาง,0,0.0,0.59,0.49,0.0
ห้วยสะทด,กาฬสินธุ์,11.66,6.9,6.4,0.71,0.05,0.0,แหล่งน้ำขนาดกลาง,0,0.0,0.59,0.57,0.0
ห้วยใหญ่,ลพบุรี,11.87,7.02,5.99,0.0,0.25,0.0,แหล่งน้ำขนาดกลาง,0,0.0,0.59,0.55,0.0
ซากนอก,ชลบุรี,7.03,4.16,3.75,0.0,0.02,0.0,แหล่งน้ำขนาดกลาง,0,0.0,0.59,0.57,0.0
ห้วยขี้เหล็ก,ยโสธร,23.7,15.79,13.79,0.0,0.0,0.0,แหล่งน้ำขนาดกลาง,0,0.0,0.59,0.64,0.0
ห้วยแม่สูง,สุโขทัย,12.45,7.32,6.28,0.61,0.0,0.0,แหล่งน้ำขนาดกลาง,0,0.0,0.59,0.55,0.0
ห้วยสะพงน้อย,อุบลราชธานี,14.7,8.58,6.98,0.57,0.09,0.0,แหล่งน้ำขนาดกลาง,0,0.0,0.58,0.53,0.0
ห้วยขอนแก่น,เพชรบูรณ์,33.22,19.36,16.14,2.61,0.49,0.0,แหล่งน้ำขนาดกลาง,0,0.0,0.58,0.54,0.0
แม่พริกผาวิ่งชู้,ลำปาง,36.48,21.25,15.41,0.12,0.07,0.0,แหล่งน้ำขนาดกลาง,0,0.0,0.58,0.5,0.0
แม่อาบ,ลำปาง,7.56,4.4,3.86,0.01,0.01,0.0,แหล่งน้ำขนาดกลาง,0,0.0,0.58,0.55,0.0
ห้วยติ๊กชู,ศรีสะเกษ,26.2,15.23,12.41,0.07,0.0,0.0,แหล่งน้ำขนาดกลาง,0,0.0,0.58,0.54,0.0
คลองดินแดง,นครศรีธรรมราช,60.0,34.87,21.87,0.11,0.16,0.0,แหล่งน้ำขนาดกลาง,0,0.0,0.58,0.47,0.0
ห้วยโทห้วยยาง อ.โคกศรีสุพรรณ,สกลนคร,7.75,4.5,3.5,0.27,0.07,0.0,แหล่งน้ำขนาดกลาง,0,0.0,0.58,0.5,0.0
ห้วยผึ้ง,กาฬสินธุ์,4.15,2.4,2.16,0.41,0.05,0.0,แหล่งน้ำขนาดกลาง,0,0.0,0.58,0.55,0.0
คลองน้ำไหล,กำแพงเพชร,38.5,22.08,21.33,0.24,0.02,0.0,แหล่งน้ำขนาดกลาง,0,0.0,0.57,0.57,0.0
คลองเกลือ,สระแก้ว,5.5,3.14,2.34,0.01,0.02,0.0,แหล่งน้ำขนาดกลาง,0,0.0,0.57,0.5,0.0
ห้วยลอมไผ่,ขอนแก่น,5.6,3.2,2.94,0.0,0.0,0.0,แหล่งน้ำขนาดกลาง,0,0.0,0.57,0.55,0.0
เสม็ดจวน,กระบี่,1.7,0.97,0.92,0.0,0.01,0.0,แหล่งน้ำขนาดกลาง,0,0.0,0.57,0.0,0.0
ห้วยแม่ท้อ,ตาก,63.0,35.92,32.41,0.28,0.35,0.0,แหล่งน้ำขนาดกลาง,0,0.0,0.57,0.54,0.0
ห้วยท่าแพ,สุโขทัย,58.0,33.02,24.22,0.71,0.21,0.0,แหล่งน้ำขนาดกลาง,0,0.0,0.57,0.49,0.0
ลำคันฉู,ชัยภูมิ,42.6,24.19,20.89,0.44,0.2,0.0,แหล่งน้ำขนาดกลาง,0,0.0,0.57,0.53,0.0
ห้วยมุก,มุกดาหาร,4.259,2.78,2.58,0.16,0.0,0.0,แหล่งน้ำขนาดกลาง,0,0.0,0.57,0.64,0.0
ห้วยตาจู,ศรีสะเกษ,22.28,12.63,10.82,0.11,0.02,0.0,แหล่งน้ำขนาดกลาง,0,0.0,0.57,0.53,0.0
บางทรายนวล,สุราษฎร์ธานี,2.2,1.24,1.14,0.0,0.0,0.0,แหล่งน้ำขนาดกลาง,0,0.0,0.56,0.54,0.0
ห้วยแกง,กาฬสินธุ์,23.325,13.06,12.41,0.22,0.06,0.0,แหล่งน้ำขนาดกลาง,0,0.0,0.56,0.55,0.0
ห้วยไทรงาม,ประจวบคีรีขันธ์,9.5,5.32,4.42,0.0,0.01,0.0,แหล่งน้ำขนาดกลาง,0,0.0,0.56,0.51,0.0
ห้วยตะคร้อ,นครราชสีมา,9.5,5.31,4.68,0.0,0.0,0.0,แหล่งน้ำขนาดกลาง,0,0.0,0.56,0.53,0.0
คลองพระสทึง,สระแก้ว,65.0,36.31,32.31,0.36,0.1,0.0,แหล่งน้ำขนาดกลาง,0,0.0,0.56,0.53,0.0
ห้วยทรายสว่าง อ.สว่างแดนดิน,สกลนคร,1.1,0.61,0.46,0.03,0.03,0.0,แหล่งน้ำขนาดกลาง,0,0.0,0.56,0.47,0.0
ห้วยเชิง,สุรินทร์,8.0,4.46,4.02,0.0,0.0,0.0,แหล่งน้ำขนาดกลาง,0,0.0,0.56,0.53,0.0
บ้านดง,สระบุรี,3.18,1.77,1.52,0.01,0.0,0.0,แหล่งน้ำขนาดกลาง,0,0.0,0.56,0.52,0.0
ป่าพะยอม,พัทลุง,20.5,11.41,10.61,0.02,0.06,0.0,แหล่งน้ำขนาดกลาง,0,0.0,0.56,0.54,0.0
คลองหลา,สงขลา,21.42,11.89,11.59,0.05,0.08,0.0,แหล่งน้ำขนาดกลาง,0,0.0,0.56,0.54,0.0
ลำฉมวก,นครราชสีมา,23.445,12.98,11.72,0.51,0.0,0.0,แหล่งน้ำขนาดกลาง,0,0.0,0.55,0.53,0.0
ห้วยคล้า,ศรีสะเกษ,3.78,2.09,1.98,0.0,0.0,0.0,แหล่งน้ำขนาดกลาง,0,0.0,0.55,0.64,0.0
ห้วยถ้ำแข้,อุบลราชธานี,13.7,7.58,6.73,0.33,0.0,0.0,แหล่งน้ำขนาดกลาง,0,0.0,0.55,0.51,0.0
ห้วยยาง,นครราชสีมา,5.53,3.06,2.76,0.04,0.01,0.0,แหล่งน้ำขนาดกลาง,0,0.0,0.55,0.53,0.0
ห้วยกกคูณ,มุกดาหาร,2.0,1.1,1.02,0.07,0.0,0.0,แหล่งน้ำขนาดกลาง,0,0.0,0.55,0.53,0.0
ห้วยหินแก้ว อ.โพธิ์ตาก,อุดรธานี,4.1,2.21,1.91,0.34,0.36,0.0,แหล่งน้ำขนาดกลาง,0,0.0,0.55,0.5,0.0
โคกภูใหม่ 2 อ.ภูพาน,สกลนคร,1.0,0.55,0.43,0.0,0.0,0.0,แหล่งน้ำขนาดกลาง,0,0.0,0.55,0.49,0.0
ห้วยชัน,ศรีสะเกษ,2.7,1.49,0.82,0.0,0.0,0.0,แหล่งน้ำขนาดกลาง,0,0.0,0.55,0.4,0.0
ลำพะยัง(ตอนบน),กาฬสินธุ์,4.137,2.27,2.12,0.1,0.0,0.0,แหล่งน้ำขนาดกลาง,0,0.0,0.55,0.52,0.0
ห้วยพุงใหญ่,ร้อยเอ็ด,7.8,4.29,3.83,0.0,0.04,0.0,แหล่งน้ำขนาดกลาง,0,0.0,0.55,0.52,0.0
ห้วยวังม่วง,นครพนม,1.5,0.82,0.79,0.04,0.0,0.0,แหล่งน้ำขนาดกลาง,0,0.0,0.55,0.54,0.0
ห้วยกุดแดง,ร้อยเอ็ด,2.806,1.53,1.27,0.0,0.0,0.0,แหล่งน้ำขนาดกลาง,0,0.0,0.55,0.51,0.0
คลองสามสิบ,สระแก้ว,5.775,3.15,2.35,0.0,0.01,0.0,แหล่งน้ำขนาดกลาง,0,0.0,0.54,0.51,0.0
ห้วยขี้หิน อ.ภูพาน,กาฬสินธุ์,4.0,2.17,1.63,0.0,0.0,0.0,แหล่งน้ำขนาดกลาง,0,0.0,0.54,0.47,0.0
ใกล้บ้าน,นราธิวาส,3.73,2.02,1.97,0.0,0.01,0.0,แหล่งน้ำขนาดกลาง,0,0.0,0.54,0.54,0.0
บ้านทำนบ,สุรินทร์,12.0,6.43,6.03,0.05,0.0,0.0,แหล่งน้ำขนาดกลาง,0,0.0,0.54,0.52,0.0
หนองหญ้าม้า,มหาสารคาม,2.558,1.37,1.07,0.01,0.02,0.0,แหล่งน้ำขนาดกลาง,0,0.0,0.53,0.47,0.0
ห้วยนาอ่าง อ.เต่างอย,กาฬสินธุ์,1.82,0.97,0.81,0.0,0.0,0.0,แหล่งน้ำขนาดกลาง,0,0.0,0.53,0.49,0.0
บ้านพรุเตย,ตรัง,1.122,0.6,0.12,0.01,0.01,0.0,แหล่งน้ำขนาดกลาง,0,0.0,0.53,0.18,0.0
ดอยงู,เชียงราย,7.366,3.91,2.57,0.46,0.58,0.0,แหล่งน้ำขนาดกลาง,0,0.0,0.53,0.43,0.0
หนองค้อ,ชลบุรี,21.4,11.32,10.32,0.02,0.05,0.0,แหล่งน้ำขนาดกลาง,0,0.0,0.53,0.51,0.0
ห้วยเพลียก,นครราชสีมา,1.5,0.79,0.49,0.0,0.0,0.0,แหล่งน้ำขนาดกลาง,0,0.0,0.53,0.41,0.0
คลองท่างิ้ว,ตรัง,18.5,9.75,9.35,0.05,0.1,0.0,แหล่งน้ำขนาดกลาง,0,0.0,0.53,0.52,0.0
ห้วยขี้เหล็ก (ตอนบน),ยโสธร,1.04,0.62,0.47,0.0,0.0,0.0,แหล่งน้ำขนาดกลาง,0,0.0,0.52,0.53,0.0
มวกเหล็ก,สระบุรี,61.0,31.66,30.56,0.3,0.04,0.0,แหล่งน้ำขนาดกลาง,0,0.0,0.52,0.51,0.0
ห้วยสะพาน,ชลบุรี,3.84,1.99,1.69,0.01,0.01,0.0,แหล่งน้ำขนาดกลาง,0,0.0,0.52,0.48,0.0
คลองมะนาว,บุรีรัมย์,2.848,1.48,1.03,0.01,0.0,0.0,แหล่งน้ำขนาดกลาง,0,0.0,0.52,0.43,0.0
ลำสำลาย,นครราชสีมา,42.0,21.53,19.53,0.0,0.14,0.0,แหล่งน้ำขนาดกลาง,0,0.0,0.51,0.49,0.0
หนองเหล่าหิน,อุบลราชธานี,2.475,1.26,0.9,0.0,0.0,0.0,แหล่งน้ำขนาดกลาง,0,0.0,0.51,0.43,0.0
ห้วยทรวง,สุโขทัย,8.0,4.07,3.67,0.08,0.0,0.0,แหล่งน้ำขนาดกลาง,0,0.0,0.51,0.48,0.0
ห้วยทราย,ชัยภูมิ,10.3,5.23,3.73,0.02,0.0,0.0,แหล่งน้ำขนาดกลาง,0,0.0,0.51,0.42,0.0
ห้วยสีโท,ยโสธร,10.6,5.37,4.96,0.34,0.0,0.0,แหล่งน้ำขนาดกลาง,0,0.0,0.51,0.49,0.0
หนองหญ้าม้า,ร้อยเอ็ด,2.117,1.07,0.98,0.0,0.03,0.0,แหล่งน้ำขนาดกลาง,0,0.0,0.5,0.48,0.0
ห้วยยาง,ขอนแก่น,3.019,1.51,0.98,0.02,0.05,0.0,แหล่งน้ำขนาดกลาง,0,0.0,0.5,0.39,0.0
ห้วยจอกขวาง,มหาสารคาม,3.036,1.51,1.37,0.0,0.01,0.0,แหล่งน้ำขนาดกลาง,0,0.0,0.5,0.47,0.0
ห้วยสหาย อ.บุ่งคล้า,บึงกาฬ,1.96,0.97,0.83,0.26,0.0,0.0,แหล่งน้ำขนาดกลาง,0,0.0,0.49,0.47,0.0
แม่ธิ,ลำพูน,4.5,2.72,2.57,0.0,0.0,0.0,แหล่งน้ำขนาดกลาง,0,0.0,0.49,0.59,0.0
ร่องหัวช้าง,มหาสารคาม,1.29,0.64,-0.12,0.0,0.0,0.0,แหล่งน้ำขนาดกลาง,0,0.0,0.49,-0.1,0.0
ห้วยมะหาด,ราชบุรี,4.3,2.12,1.9,0.0,0.0,0.0,แหล่งน้ำขนาดกลาง,0,0.0,0.49,0.47,0.0
ห้วยไร่,มุกดาหาร,2.8,1.37,1.26,0.07,0.07,0.0,แหล่งน้ำขนาดกลาง,0,0.0,0.49,0.47,0.0
คลองเฉลียงลับ,เพชรบูรณ์,7.85,3.83,3.23,0.1,0.0,0.0,แหล่งน้ำขนาดกลาง,0,0.0,0.49,0.45,0.0
คลองลำกง,เพชรบูรณ์,48.515,23.64,18.84,0.55,0.04,0.0,แหล่งน้ำขนาดกลาง,0,0.0,0.49,0.46,0.0
ห้วยป่าแดง,เพชรบูรณ์,18.74,9.12,9.02,0.15,0.03,0.0,แหล่งน้ำขนาดกลาง,0,0.0,0.49,0.53,0.0
ห้วยหินแตก อ. พนัสนิคม,สกลนคร,0.0,0.73,0.57,0.0,0.0,0.0,แหล่งน้ำขนาดกลาง,0,0.0,0.48,0.0,0.0
บึงอร่าม,มหาสารคาม,3.6,1.74,1.45,0.19,0.0,0.0,แหล่งน้ำขนาดกลาง,0,0.0,0.48,0.44,0.0
มาบประชัน,ชลบุรี,16.6,8.01,7.25,0.01,0.03,0.0,แหล่งน้ำขนาดกลาง,0,0.0,0.48,0.46,0.0
หนองแกดำ,มหาสารคาม,1.625,0.78,0.66,0.0,0.0,0.0,แหล่งน้ำขนาดกลาง,0,0.0,0.48,0.44,0.0
ห้วยวังเต็น,ประจวบคีรีขันธ์,11.4,5.47,4.8,0.01,0.02,0.0,แหล่งน้ำขนาดกลาง,0,0.0,0.48,0.45,0.0
ห้วยยาง อ.ภูกระดึง,ขอนแก่น,3.713,1.78,1.06,0.05,0.04,0.0,แหล่งน้ำขนาดกลาง,0,0.0,0.48,0.35,0.0
พุตะเคียน,กาญจนบุรี,4.0,1.9,1.66,0.0,0.0,0.0,แหล่งน้ำขนาดกลาง,0,0.0,0.48,0.44,0.0
คลองสะเดา,สงขลา,56.741,26.93,25.37,0.06,0.26,0.0,แหล่งน้ำขนาดกลาง,0,0.0,0.47,0.46,0.0
แม่สรวย,เชียงราย,73.0,34.22,31.22,1.02,0.79,0.0,แหล่งน้ำขนาดกลาง,0,0.0,0.47,0.45,0.0
ห้วยหิน,นครราชสีมา,1.95,0.91,0.86,0.0,0.0,0.0,แหล่งน้ำขนาดกลาง,0,0.0,0.47,0.45,0.0
ห้วยตาเกาว์,สุรินทร์,8.6,4.03,3.97,0.11,0.0,0.0,แหล่งน้ำขนาดกลาง,0,0.0,0.47,0.46,0.0
บ้านบึง,ชลบุรี,10.98,5.13,2.31,0.03,0.01,0.0,แหล่งน้ำขนาดกลาง,0,0.0,0.47,0.28,0.0
ลุ่มน้ำโจน 16,ฉะเชิงเทรา,1.6,0.92,0.75,0.0,0.0,0.0,แหล่งน้ำขนาดกลาง,0,0.0,0.47,0.52,0.0
แม่กองค่าย,สุโขทัย,13.0,6.04,5.46,0.04,0.02,0.0,แหล่งน้ำขนาดกลาง,0,0.0,0.46,0.44,0.0
ห้วยป่าบง,กำแพงเพชร,1.4,0.65,0.63,0.0,0.0,0.0,แหล่งน้ำขนาดกลาง,0,0.0,0.46,0.46,0.0
ห้วยยาง,นครราชสีมา,13.8,6.4,5.4,0.0,0.0,0.0,แหล่งน้ำขนาดกลาง,0,0.0,0.46,0.42,0.0
ห้วยน้ำใส,นครศรีธรรมราช,80.0,36.96,34.96,0.08,0.32,0.0,แหล่งน้ำขนาดกลาง,0,0.0,0.46,0.45,0.0
ห้วยเตย,ขอนแก่น,5.337,2.44,2.4,0.03,0.07,0.0,แหล่งน้ำขนาดกลาง,0,0.0,0.46,0.48,0.0
ห้วยไม้ดู่,มุกดาหาร,1.7,0.77,0.53,0.02,0.02,0.0,แหล่งน้ำขนาดกลาง,0,0.0,0.46,0.37,0.0
ชัฎป่าหวาย,ราชบุรี,2.5,1.14,0.89,0.0,0.0,0.0,แหล่งน้ำขนาดกลาง,0,0.0,0.46,0.39,0.0
สระสมิง,อุบลราชธานี,1.011,0.46,0.16,0.01,0.0,0.0,แหล่งน้ำขนาดกลาง,0,0.0,0.45,0.22,0.0
ห้วยลิงโจน,ยโสธร,21.0,9.51,9.11,0.07,0.0,0.0,แหล่งน้ำขนาดกลาง,0,0.0,0.45,0.44,0.0
ห้วยมงคล อันเนื่องมาจากพระราชดำริ,ประจวบคีรีขันธ์,5.85,2.63,2.39,0.01,0.01,0.0,แหล่งน้ำขนาดกลาง,0,0.0,0.45,0.43,0.0
หนองนาวัว,ขอนแก่น,1.391,0.63,0.42,0.0,0.0,0.0,แหล่งน้ำขนาดกลาง,0,0.0,0.45,0.35,0.0
ห้วยเดือนห้า,อุบลราชธานี,12.0,5.34,3.49,0.29,0.0,0.0,แหล่งน้ำขนาดกลาง,0,0.0,0.45,0.34,0.0
ลำเชียงไกร ตอนล่าง,นครราชสีมา,27.7,12.32,11.17,0.29,0.13,0.0,แหล่งน้ำขนาดกลาง,0,0.0,0.44,0.42,0.0
คลองโพธิ์,นครสวรรค์,82.0,30.99,24.99,1.25,0.0,0.0,แหล่งน้ำขนาดกลาง,0,0.0,0.44,0.37,0.0
ลำเชียงสา,นครราชสีมา,7.5,3.32,1.92,0.0,0.0,0.0,แหล่งน้ำขนาดกลาง,0,0.0,0.44,0.31,0.0
เขาอีโต้ 1,ปราจีนบุรี,2.9,1.27,0.77,0.11,0.06,0.0,แหล่งน้ำขนาดกลาง,0,0.0,0.44,0.29,0.0
หนองบ่อ,มหาสารคาม,3.584,1.56,1.37,0.0,0.0,0.0,แหล่งน้ำขนาดกลาง,0,0.0,0.44,0.39,0.0
แก่งเลิงจาน,มหาสารคาม,8.024,3.46,1.19,0.0,0.03,0.0,แหล่งน้ำขนาดกลาง,0,0.0,0.43,0.2,0.0
ห้วยขนาดมอญ,สุรินทร์,15.5,6.67,6.02,0.03,0.06,0.0,แหล่งน้ำขนาดกลาง,0,0.0,0.43,0.41,0.0
แก่งละว้า,ขอนแก่น,45.784,19.67,18.37,0.0,0.01,0.0,แหล่งน้ำขนาดกลาง,0,0.0,0.43,0.41,0.0
ห้วยระหาร,สุรินทร์,1.012,0.43,0.4,0.0,0.0,0.0,แหล่งน้ำขนาดกลาง,0,0.0,0.43,0.41,0.0
ทุ่งขาม,ประจวบคีรีขันธ์,8.0,3.4,2.79,0.0,0.0,0.0,แหล่งน้ำขนาดกลาง,0,0.0,0.43,0.38,0.0
พุทธอุทธยาน,อำนาจเจริญ,19.325,8.2,7.3,0.58,0.0,0.0,แหล่งน้ำขนาดกลาง,0,0.0,0.42,0.4,0.0
ห้วยทอน บน กิ่งอ.โพธิ์ตาก,อุดรธานี,7.8,3.3,3.15,0.07,0.14,0.0,แหล่งน้ำขนาดกลาง,0,0.0,0.42,0.44,0.0
ห้วยแคน,มุกดาหาร,2.1,0.88,0.79,0.0,0.0,0.0,แหล่งน้ำขนาดกลาง,0,0.0,0.42,0.4,0.0
ลำช่อระกา,ชัยภูมิ,10.312,4.34,3.31,0.04,0.0,0.0,แหล่งน้ำขนาดกลาง,0,0.0,0.42,0.36,0.0
ห้วยบง,นครราชสีมา,14.5,6.09,5.33,0.01,0.0,0.0,แหล่งน้ำขนาดกลาง,0,0.0,0.42,0.39,0.0
ห้วยหินลับ,มุกดาหาร,4.0,1.68,1.07,0.05,0.05,0.0,แหล่งน้ำขนาดกลาง,0,0.0,0.42,0.31,0.0
ห้วยวังลิ้นฟ้า,กาฬสินธุ์,3.35,1.4,1.23,0.03,0.03,0.0,แหล่งน้ำขนาดกลาง,0,0.0,0.42,0.39,0.0
ห้วยสงสัย,เพชรบุรี,4.054,1.7,1.29,0.06,0.0,0.0,แหล่งน้ำขนาดกลาง,0,0.0,0.42,0.34,0.0
โสกรวก,ขอนแก่น,0.996,0.42,0.24,0.0,0.0,0.0,แหล่งน้ำขนาดกลาง,0,0.0,0.42,0.29,0.0
บางเหนียวดำ,ภูเก็ต,7.2,3.22,3.19,0.02,0.02,0.0,แหล่งน้ำขนาดกลาง,0,0.0,0.41,0.45,0.0
ห้วยเล็ง,เพชรบูรณ์,17.2,7.1,3.8,0.0,0.04,0.0,แหล่งน้ำขนาดกลาง,0,0.0,0.41,0.23,0.0
ห้วยชะโนด,มุกดาหาร,18.4,7.58,6.92,0.1,0.0,0.0,แหล่งน้ำขนาดกลาง,0,0.0,0.41,0.39,0.0
ห้วยหอย,กาฬสินธุ์,2.0,0.82,0.52,0.03,0.03,0.0,แหล่งน้ำขนาดกลาง,0,0.0,0.41,0.3,0.0
ห้วยทับครัว,นครราชสีมา,5.0,2.04,1.27,0.0,0.0,0.0,แหล่งน้ำขนาดกลาง,0,0.0,0.41,0.3,0.0
บึงกระโตน,นครราชสีมา,10.214,4.14,2.91,0.02,0.0,0.0,แหล่งน้ำขนาดกลาง,0,0.0,0.41,0.32,0.0
ห้วยทราย,ขอนแก่น,2.355,0.95,0.72,0.04,0.07,0.0,แหล่งน้ำขนาดกลาง,0,0.0,0.41,0.34,0.0
ท่ากะบาก,สระแก้ว,7.3,2.92,2.12,0.02,0.0,0.0,แหล่งน้ำขนาดกลาง,0,0.0,0.4,0.3,0.0
ห้วยตู้ 1,ชลบุรี,1.5,0.6,0.51,0.0,0.0,0.0,แหล่งน้ำขนาดกลาง,0,0.0,0.4,0.36,0.0
ห้วยศาลา,ศรีสะเกษ,37.07,14.62,11.82,0.0,0.0,0.0,แหล่งน้ำขนาดกลาง,0,0.0,0.39,0.34,0.0
หนองขอนสัก,มหาสารคาม,8.659,3.3,2.22,0.0,0.0,0.0,แหล่งน้ำขนาดกลาง,0,0.0,0.38,0.29,0.0
หนองผือ,ศรีสะเกษ,4.178,1.57,0.37,0.0,0.0,0.0,แหล่งน้ำขนาดกลาง,0,0.0,0.38,0.12,0.0
ห้วยวังนอง,มุกดาหาร,11.492,4.3,3.99,0.0,0.6,0.0,แหล่งน้ำขนาดกลาง,0,0.0,0.37,0.36,0.0
ห้วยใหญ่(วังแขม),ลพบุรี,12.0,4.45,2.95,0.09,0.0,0.0,แหล่งน้ำขนาดกลาง,0,0.0,0.37,0.25,0.0
คลองจำไหร,สงขลา,6.0,2.22,2.12,0.04,0.05,0.0,แหล่งน้ำขนาดกลาง,0,0.0,0.37,0.36,0.0
ห้วยโพธิ์,อำนาจเจริญ,7.438,2.73,2.19,0.16,0.0,0.0,แหล่งน้ำขนาดกลาง,0,0.0,0.37,0.32,0.0
คลองป่าบอน,พัทลุง,20.0,7.27,6.37,0.05,0.12,0.0,แหล่งน้ำขนาดกลาง,0,0.0,0.36,0.33,0.0
ลำปะเทีย,บุรีรัมย์,25.4,9.23,8.03,0.05,0.0,0.0,แหล่งน้ำขนาดกลาง,0,0.0,0.36,0.33,0.0
ห้วยทราย อ. โคกศรีสุพรรณ,นครพนม,1.5,0.54,0.54,0.16,0.0,0.0,แหล่งน้ำขนาดกลาง,0,0.0,0.36,0.36,0.0
ห้วยตาเขียว,บุรีรัมย์,1.9,0.68,0.39,0.0,0.0,0.0,แหล่งน้ำขนาดกลาง,0,0.0,0.36,0.24,0.0
ห้วยซับประดู่,นครราชสีมา,27.664,9.86,8.46,0.12,0.1,0.0,แหล่งน้ำขนาดกลาง,0,0.0,0.36,0.32,0.0
ห้วยบ้านยาง,นครราชสีมา,6.52,2.32,1.8,0.03,0.01,0.0,แหล่งน้ำขนาดกลาง,0,0.0,0.36,0.3,0.0
คลองหัวช้าง,พัทลุง,30.0,10.63,10.08,0.13,0.25,0.0,แหล่งน้ำขนาดกลาง,0,0.0,0.35,0.34,0.0
ธวัชชัย,ร้อยเอ็ด,5.007,1.77,1.66,0.01,0.01,0.0,แหล่งน้ำขนาดกลาง,0,0.0,0.35,0.34,0.0
ห้วยเตย,นครราชสีมา,4.396,1.55,1.41,0.0,0.0,0.0,แหล่งน้ำขนาดกลาง,0,0.0,0.35,0.33,0.0
ห้วยน้ำพาว อ.เมือง,เลย,1.364,0.48,0.45,0.08,0.06,0.0,แหล่งน้ำขนาดกลาง,0,0.0,0.35,0.34,0.0
คลองหลวง รัชชโลทร,ชลบุรี,98.0,34.3,31.35,0.47,0.13,0.0,แหล่งน้ำขนาดกลาง,0,0.0,0.35,0.33,0.0
ยางชุม,ประจวบคีรีขันธ์,41.1,14.35,10.35,0.01,0.01,0.0,แหล่งน้ำขนาดกลาง,0,0.0,0.35,0.28,0.0
ห้วยผาก,เพชรบุรี,27.5,9.54,6.54,0.03,0.0,0.0,แหล่งน้ำขนาดกลาง,0,0.0,0.35,0.27,0.0
หนองกระทุ่ม,มหาสารคาม,0.0,0.91,0.84,0.0,0.0,0.0,แหล่งน้ำขนาดกลาง,0,0.0,0.35,0.0,0.0
ห้วยขี้หนู,บุรีรัมย์,1.56,0.55,0.52,0.0,0.0,0.0,แหล่งน้ำขนาดกลาง,0,0.0,0.35,0.34,0.0
อ่างฯ ห้วยท่าพล,เพชรบูรณ์,0.0,4.42,3.57,0.0,0.02,0.0,แหล่งน้ำขนาดกลาง,0,0.0,0.34,0.0,0.0
ห้วยน้ำชุนใหญ่,เพชรบูรณ์,7.52,2.52,1.88,0.1,0.01,0.0,แหล่งน้ำขนาดกลาง,0,0.0,0.34,0.27,0.0
ห้วยประดู่,มหาสารคาม,2.804,0.92,0.88,0.0,0.0,0.0,แหล่งน้ำขนาดกลาง,0,0.0,0.33,0.32,0.0
ห้วยแม่สอด,ตาก,5.5,1.77,1.34,0.06,0.14,0.0,แหล่งน้ำขนาดกลาง,0,0.0,0.32,0.26,0.0
กุดตาเพชร,ลพบุรี,43.0,13.6,11.6,0.0,1.02,0.0,แหล่งน้ำขนาดกลาง,0,0.0,0.32,0.28,0.0
ท่าเคย,ราชบุรี,23.4,7.32,6.32,0.01,0.02,0.0,แหล่งน้ำขนาดกลาง,0,0.0,0.31,0.27,0.0
ห้วยทา,มุกดาหาร,2.23,0.7,0.17,0.06,0.06,0.0,แหล่งน้ำขนาดกลาง,0,0.0,0.31,0.1,0.0
ห้วยเทียน,กาญจนบุรี,10.65,3.29,1.89,0.0,0.0,0.0,แหล่งน้ำขนาดกลาง,0,0.0,0.31,0.2,0.0
ลำปลายมาศ,นครราชสีมา,98.0,30.2,20.9,0.22,0.35,0.0,แหล่งน้ำขนาดกลาง,0,0.0,0.31,0.24,0.0
คลองข้างใน,สุโขทัย,9.0,2.69,2.35,0.03,0.0,0.0,แหล่งน้ำขนาดกลาง,0,0.0,0.3,0.27,0.0
ละเลิงหวาย,นครราชสีมา,3.737,1.1,1.07,0.0,0.01,0.0,แหล่งน้ำขนาดกลาง,0,0.0,0.3,0.29,0.0
ห้วยอีเลิศ อ.วังสะพุง,เลย,1.431,0.47,0.39,0.03,0.0,0.0,แหล่งน้ำขนาดกลาง,0,0.0,0.28,0.29,0.0
ห้วยกุดแคน,ร้อยเอ็ด,1.996,0.56,0.34,0.0,0.0,0.0,แหล่งน้ำขนาดกลาง,0,0.0,0.28,0.19,0.0
ลาดกระทิง,ฉะเชิงเทรา,4.2,1.18,0.98,0.0,0.0,0.0,แหล่งน้ำขนาดกลาง,0,0.0,0.28,0.25,0.0
พระปรง,สระแก้ว,97.0,26.98,22.98,0.07,0.12,0.0,แหล่งน้ำขนาดกลาง,0,0.0,0.28,0.25,0.0
ห้วยใหญ่,เพชรบูรณ์,13.25,3.68,2.68,0.14,0.01,0.0,แหล่งน้ำขนาดกลาง,0,0.0,0.28,0.22,0.0
หนองไฮ,ร้อยเอ็ด,2.244,0.62,0.45,0.0,0.0,0.0,แหล่งน้ำขนาดกลาง,0,0.0,0.28,0.22,0.0
ห้วยค้อ,มหาสารคาม,31.338,8.42,5.22,0.13,0.02,0.0,แหล่งน้ำขนาดกลาง,0,0.0,0.27,0.18,0.0
บ้านเพชร,ชัยภูมิ,19.675,5.26,2.26,0.04,0.08,0.0,แหล่งน้ำขนาดกลาง,0,0.0,0.27,0.14,0.0
คลองแห้ง,กระบี่,12.5,3.31,2.31,0.01,0.02,0.0,แหล่งน้ำขนาดกลาง,0,0.0,0.26,0.2,0.0
ห้วยน้ำเค็ม,ศรีสะเกษ,1.07,0.28,-0.32,0.0,0.0,0.0,แหล่งน้ำขนาดกลาง,0,0.0,0.26,-0.39,0.0
ห้วยปราสาทใหญ่,นครราชสีมา,8.7,2.24,1.39,0.0,0.0,0.0,แหล่งน้ำขนาดกลาง,0,0.0,0.26,0.18,0.0
ห้วยพุง,กาฬสินธุ์,4.0,1.02,0.17,0.0,0.0,0.0,แหล่งน้ำขนาดกลาง,0,0.0,0.25,0.05,0.0
ลุ่มน้ำโจน 2,ฉะเชิงเทรา,1.96,0.49,0.19,0.0,0.0,0.0,แหล่งน้ำขนาดกลาง,0,0.0,0.25,0.11,0.0
คลองจะกระ,ประจวบคีรีขันธ์,10.4,2.6,2.1,0.05,0.01,0.0,แหล่งน้ำขนาดกลาง,0,0.0,0.25,0.21,0.0
หนองทะลอก,บุรีรัมย์,3.43,1.16,1.06,0.01,0.0,0.0,แหล่งน้ำขนาดกลาง,0,0.0,0.25,0.33,0.0
คลองระบม,ฉะเชิงเทรา,55.5,13.8,6.0,0.0,0.22,0.0,แหล่งน้ำขนาดกลาง,0,0.0,0.25,0.13,0.0
ห้วยสวาย,บุรีรัมย์,13.56,3.37,2.4,0.06,0.0,0.0,แหล่งน้ำขนาดกลาง,0,0.0,0.25,0.19,0.0
ลำตะโคง,บุรีรัมย์,7.58,1.87,1.56,0.67,0.67,0.0,แหล่งน้ำขนาดกลาง,0,0.0,0.25,0.21,0.0
ห้วยอ่างหิน,ประจวบคีรีขันธ์,2.8,0.68,0.53,0.0,0.0,0.0,แหล่งน้ำขนาดกลาง,0,0.0,0.24,0.2,0.0
ห้วยด่าน,สุรินทร์,9.4,2.29,1.15,0.0,0.02,0.0,แหล่งน้ำขนาดกลาง,0,0.0,0.24,0.14,0.0
สุวรรณาภา,สุรินทร์,1.57,0.37,0.35,0.0,0.0,0.0,แหล่งน้ำขนาดกลาง,0,0.0,0.24,0.23,0.0
ห้วยแอ่ง,มหาสารคาม,22.299,5.09,4.68,0.0,0.0,0.0,แหล่งน้ำขนาดกลาง,0,0.0,0.23,0.21,0.0
ห้วยพุ,มุกดาหาร,4.5,1.03,0.33,0.0,0.0,0.0,แหล่งน้ำขนาดกลาง,0,0.0,0.23,0.09,0.0
ห้วยแม่ประจันต์,เพชรบุรี,42.2,9.41,7.37,0.29,0.26,0.0,แหล่งน้ำขนาดกลาง,0,0.0,0.22,0.18,0.0
ลำจังหัน,บุรีรัมย์,36.0,7.57,5.77,0.03,0.0,0.0,แหล่งน้ำขนาดกลาง,0,0.0,0.21,0.17,0.0
ห้วยหิน,ลพบุรี,2.25,0.47,0.27,0.0,0.0,0.0,แหล่งน้ำขนาดกลาง,0,0.0,0.21,0.13,0.0
ห้วยไผ่,กาฬสินธุ์,10.5,2.65,1.85,0.0,0.0,0.0,แหล่งน้ำขนาดกลาง,0,0.0,0.21,0.19,0.0
ห้วยจานใต้,ร้อยเอ็ด,5.795,1.2,0.64,0.03,0.0,0.0,แหล่งน้ำขนาดกลาง,0,0.0,0.21,0.12,0.0
ห้วยส้มป่อย,ชัยภูมิ,7.646,1.55,0.95,0.01,0.0,0.0,แหล่งน้ำขนาดกลาง,0,0.0,0.2,0.13,0.0
ห้วยหลวง,ลำปาง,1.26,0.24,0.07,0.04,0.0,0.0,แหล่งน้ำขนาดกลาง,0,0.0,0.19,0.07,0.0
ห้วยยาง,สระแก้ว,60.0,11.02,7.02,0.01,0.16,0.0,แหล่งน้ำขนาดกลาง,0,0.0,0.18,0.13,0.0
ห้วยเชียงคำ,มหาสารคาม,5.066,0.89,0.21,0.0,0.03,0.0,แหล่งน้ำขนาดกลาง,0,0.0,0.18,0.04,0.0
ห้วยน้อย,บุรีรัมย์,1.2,0.21,0.01,0.0,0.0,0.0,แหล่งน้ำขนาดกลาง,0,0.0,0.17,0.01,0.0
ห้วยคะคาง,มหาสารคาม,4.126,0.7,0.36,0.01,0.0,0.0,แหล่งน้ำขนาดกลาง,0,0.0,0.17,0.1,0.0
ห้วยน้ำลาด,นครสวรรค์,0.8,0.2,-0.04,0.0,0.0,0.0,แหล่งน้ำขนาดกลาง,0,0.0,0.17,-0.07,0.0
ห้วยโป่ง,ลพบุรี,2.07,0.34,0.29,0.0,0.0,0.0,แหล่งน้ำขนาดกลาง,0,0.0,0.16,0.14,0.0
เขาดิน,สระแก้ว,1.42,0.23,0.13,0.0,0.0,0.0,แหล่งน้ำขนาดกลาง,0,0.0,0.16,0.1,0.0
ห้วยใหญ่,บุรีรัมย์,1.31,0.21,0.07,0.04,0.0,0.0,แหล่งน้ำขนาดกลาง,0,0.0,0.16,0.06,0.0
ห้วยขุนแก้ว,อุทัยธานี,43.41,8.27,6.1,0.07,0.0,0.0,แหล่งน้ำขนาดกลาง,0,0.0,0.16,0.15,0.0
หนองสิ,ศรีสะเกษ,3.66,0.64,-1.66,0.0,0.0,0.0,แหล่งน้ำขนาดกลาง,0,0.0,0.15,-0.55,0.0
คลองตาด้วง,สระแก้ว,1.8,0.27,0.17,0.0,0.0,0.0,แหล่งน้ำขนาดกลาง,0,0.0,0.15,0.1,0.0
คลองโบด,นครนายก,4.25,0.63,0.62,0.01,0.01,0.0,แหล่งน้ำขนาดกลาง,0,0.0,0.15,0.15,0.0
คลองช่องลม,ประจวบคีรีขันธ์,5.5,0.79,0.49,0.0,0.0,0.0,แหล่งน้ำขนาดกลาง,0,0.0,0.14,0.09,0.0
กระหร่างสาม,ประจวบคีรีขันธ์,6.0,0.74,0.52,0.0,0.0,0.0,แหล่งน้ำขนาดกลาง,0,0.0,0.12,0.09,0.0
ห้วยสำนักไม้เต็ง,ราชบุรี,45.48,5.46,3.46,0.0,0.02,0.0,แหล่งน้ำขนาดกลาง,0,0.0,0.12,0.08,0.0
ห้วยตะแปด,เพชรบุรี,4.0,0.47,0.34,0.01,0.0,0.0,แหล่งน้ำขนาดกลาง,0,0.0,0.12,0.09,0.0
ซับตะเคียน,ลพบุรี,8.42,0.81,0.46,0.0,0.0,0.0,แหล่งน้ำขนาดกลาง,0,0.0,0.1,0.06,0.0
เขารัง,สระแก้ว,3.72,0.34,0.22,0.0,0.0,0.0,แหล่งน้ำขนาดกลาง,0,0.0,0.09,0.06,0.0
คลองบึง,ประจวบคีรีขันธ์,22.2,2.0,1.2,0.01,0.01,0.0,แหล่งน้ำขนาดกลาง,0,0.0,0.09,0.06,0.0
ห้วยขุนจิต,ชลบุรี,4.8,0.41,0.16,0.01,0.0,0.0,แหล่งน้ำขนาดกลาง,0,0.0,0.09,0.04,0.0
ห้วยตะเคียน,สระแก้ว,10.0,0.82,0.62,0.0,0.0,0.0,แหล่งน้ำขนาดกลาง,0,0.0,0.08,0.06,0.0
ห้วยเมฆา,บุรีรัมย์,4.07,0.32,0.22,0.0,0.0,0.0,แหล่งน้ำขนาดกลาง,0,0.0,0.08,0.05,0.0
ห้วยแล้ง,มหาสารคาม,4.414,0.23,0.04,0.0,0.0,0.0,แหล่งน้ำขนาดกลาง,0,0.0,0.05,0.01,0.0
ห้วยสามเขา,ประจวบคีรีขันธ์,3.4,0.12,0.0,0.0,0.0,0.0,แหล่งน้ำขนาดกลาง,0,0.0,0.04,0.0,0.0
คลองบอน,จันทบุรี,2.5,0.09,-0.21,0.0,0.0,0.0,แหล่งน้ำขนาดกลาง,0,0.0,0.03,-0.1,0.0
ห้วยทราย,ประจวบคีรีขันธ์,1.95,0.04,0.0,0.0,0.0,0.0,แหล่งน้ำขนาดกลาง,0,0.0,0.02,0.0,0.0
คิรีธาร,จันทบุรี,75.8,0.0,0.0,0.0,0.0,0.0,แหล่งน้ำขนาดกลาง,0,0.0,0.0,0.0,0.0
ห้วยป่าเลา,เพชรบูรณ์,8.4,0.0,0.0,0.0,0.0,0.0,แหล่งน้ำขนาดกลาง,0,0.0,0.0,0.0,0.0
หนองกระทุ่งปง,ลำปาง,0.0,0.0,0.0,0.0,0.0,0.0,แหล่งน้ำขนาดกลาง,0,0.0,0.0,0.0,0.0
พรุฉวง,สุราษฎร์ธานี,0.0,0.0,0.0,0.0,0.0,0.0,แหล่งน้ำขนาดกลาง,0,0.0,0.0,0.0,0.0
ไม่มีชื่อ,กาญจนบุรี,0.0,0.0,0.0,0.0,0.0,0.0,แหล่งน้ำขนาดกลาง,0,0.0,0.0,0.0,0.0
ห้วยเซิม,เลย,0.0,0.0,0.0,0.0,0.0,0.0,แหล่งน้ำขนาดกลาง,0,0.0,0.0,0.0,0.0
กิ่วหญ้าแทน,สุโขทัย,2.0,0.0,0.0,0.0,0.0,0.0,แหล่งน้ำขนาดกลาง,0,0.0,0.0,0.0,0.0
ห้วยหนองเคาะ,สุโขทัย,0.0,0.0,0.0,0.0,0.0,0.0,แหล่งน้ำขนาดกลาง,0,0.0,0.0,0.0,0.0
ศูนย์ราชการ จุดที่ 3,ลำปาง,0.0,0.0,0.0,0.0,0.0,0.0,แหล่งน้ำขนาดกลาง,0,0.0,0.0,0.0,0.0
ไม่มีชื่อ,กาญจนบุรี,0.0,0.0,0.0,0.0,0.0,0.0,แหล่งน้ำขนาดกลาง,0,0.0,0.0,0.0,0.0
กุดเมืองฮาม,ศรีสะเกษ,0.0,0.0,0.0,0.0,0.0,0.0,แหล่งน้ำขนาดกลาง,0,0.0,0.0,0.0,0.0
บึงระนาม,ศรีสะเกษ,0.0,0.0,0.0,0.0,0.0,0.0,แหล่งน้ำขนาดกลาง,0,0.0,0.0,0.0,0.0
เขื่อนแม่ขาม,ลำปาง,35.9,0.0,0.0,0.0,0.0,0.0,แหล่งน้ำขนาดกลาง,0,0.0,0.0,0.0,0.0
กุดโมง,ศรีสะเกษ,0.0,0.0,0.0,0.0,0.0,0.0,แหล่งน้ำขนาดกลาง,0,0.0,0.0,0.0,0.0
หนองสแนง,ศรีสะเกษ,0.0,0.0,0.0,0.0,0.0,0.0,แหล่งน้ำขนาดกลาง,0,0.0,0.0,0.0,0.0
กุดชมพู,ศรีสะเกษ,0.0,0.0,0.0,0.0,0.0,0.0,แหล่งน้ำขนาดกลาง,0,0.0,0.0,0.0,0.0
คลองหลวง รัชชโลทร,ชลบุรี,98.0,0.0,0.0,0.0,0.0,0.0,แหล่งน้ำขนาดกลาง,0,0.0,0.0,0.0,0.0
ห้วยคณะ,ศรีสะเกษ,0.0,0.0,0.0,0.0,0.0,0.0,แหล่งน้ำขนาดกลาง,0,0.0,0.0,0.0,0.0
บึงคูณ,พิจิตร,0.0,0.0,0.0,0.0,0.0,0.0,แหล่งน้ำขนาดกลาง,0,0.0,0.0,0.0,0.0
หนองไข่นุ่น,ศรีสะเกษ,0.0,0.0,0.0,0.0,0.0,0.0,แหล่งน้ำขนาดกลาง,0,0.0,0.0,0.0,0.0
กุดพรหมคาด,ศรีสะเกษ,0.0,0.0,0.0,0.0,0.0,0.0,แหล่งน้ำขนาดกลาง,0,0.0,0.0,0.0,0.0
คลองขวาง,ตราด,0.0,0.0,0.0,0.0,0.0,0.0,แหล่งน้ำขนาดกลาง,0,0.0,0.0,0.0,0.0
สระฆ้อ,ตราด,20.0,0.0,0.0,0.0,0.0,0.0,แหล่งน้ำขนาดกลาง,0,0.0,0.0,0.0,0.0
บ้านโนนดู่,ศรีสะเกษ,0.0,0.0,0.0,0.0,0.0,0.0,แหล่งน้ำขนาดกลาง,0,0.0,0.0,0.0,0.0
แม่เหิน,ลำปาง,0.0,0.0,0.0,0.0,0.0,0.0,แหล่งน้ำขนาดกลาง,0,0.0,0.0,0.0,0.0
ห้วยหินกอง,อุบลราชธานี,8.0,0.0,0.0,0.0,0.0,0.0,แหล่งน้ำขนาดกลาง,0,0.0,0.0,0.0,0.0
หนองสะอางค์,ศรีสะเกษ,0.0,0.0,0.0,0.0,0.0,0.0,แหล่งน้ำขนาดกลาง,0,0.0,0.0,0.0,0.0
หนองน้ำ,กระบี่,0.0,0.0,0.0,0.0,0.0,0.0,แหล่งน้ำขนาดกลาง,0,0.0,0.0,0.0,0.0
แม่ฮวก,ลำปาง,0.0,0.0,0.0,0.0,0.0,0.0,แหล่งน้ำขนาดกลาง,0,0.0,0.0,0.0,0.0
วังน้ำเย็น,ศรีสะเกษ,4.0,0.0,0.0,0.0,0.0,0.0,แหล่งน้ำขนาดกลาง,0,0.0,0.0,0.0,0.0
ภูดิน,ศรีสะเกษ,9.0,0.0,0.0,0.0,0.0,0.0,แหล่งน้ำขนาดกลาง,0,0.0,0.0,0.0,0.0
บ้านน้ำมุด (ตัวล่าง),ศรีสะเกษ,2.5,0.0,0.0,0.0,0.0,0.0,แหล่งน้ำขนาดกลาง,0,0.0,0.0,0.0,0.0
บ้านน้ำมุด (ตัวบน),ศรีสะเกษ,2.0,0.0,0.0,0.0,0.0,0.0,แหล่งน้ำขนาดกลาง,0,0.0,0.0,0.0,0.0
เขื่อนท่าทุ่งนา,กาญจนบุรี,55.03,0.0,0.0,0.0,0.0,0.0,แหล่งน้ำขนาดกลาง,0,0.0,0.0,0.0,0.0
บ้านสวนป่า,ศรีสะเกษ,2.0,0.0,0.0,0.0,0.0,0.0,แหล่งน้ำขนาดกลาง,0,0.0,0.0,0.0,0.0
หนองกระมัล,ศรีสะเกษ,0.0,0.0,0.0,0.0,0.0,0.0,แหล่งน้ำขนาดกลาง,0,0.0,0.0,0.0,0.0
ไม่มีชื่อ,ศรีสะเกษ,0.0,0.0,0.0,0.0,0.0,0.0,แหล่งน้ำขนาดกลาง,0,0.0,0.0,0.0,0.0
หนองกุดกว้าง,อุบลราชธานี,0.0,0.0,0.0,0.0,0.0,0.0,แหล่งน้ำขนาดกลาง,0,0.0,0.0,0.0,0.0
หนองซำ,ศรีสะเกษ,0.0,0.0,0.0,0.0,0.0,0.0,แหล่งน้ำขนาดกลาง,0,0.0,0.0,0.0,0.0
หนองสวะ,อุบลราชธานี,0.0,0.0,0.0,0.0,0.0,0.0,แหล่งน้ำขนาดกลาง,0,0.0,0.0,0.0,0.0
หนองเมือก,บึงกาฬ,0.0,0.0,0.0,0.0,0.0,0.0,แหล่งน้ำขนาดกลาง,0,0.0,0.0,0.0,0.0
หนองตากแดด,บึงกาฬ,0.0,0.0,0.0,0.0,0.0,0.0,แหล่งน้ำขนาดกลาง,0,0.0,0.0,0.0,0.0
หนองอังฮา,บึงกาฬ,0.0,0.0,0.0,0.0,0.0,0.0,แหล่งน้ำขนาดกลาง,0,0.0,0.0,0.0,0.0
หนองบังบาตร,บึงกาฬ,0.0,0.0,0.0,0.0,0.0,0.0,แหล่งน้ำขนาดกลาง,0,0.0,0.0,0.0,0.0
หนองพุงมัน,อุบลราชธานี,0.0,0.0,0.0,0.0,0.0,0.0,แหล่งน้ำขนาดกลาง,0,0.0,0.0,0.0,0.0
ไม่มีชื่อ,ปัตตานี,0.0,0.0,0.0,0.0,0.0,0.0,แหล่งน้ำขนาดกลาง,0,0.0,0.0,0.0,0.0
ห้วยแม่สาง,แพร่,3.6,0.0,0.0,0.0,0.0,0.0,แหล่งน้ำขนาดกลาง,0,0.0,0.0,0.0,0.0
ห้วยแม่ลาน,แพร่,0.0,0.0,0.0,0.0,0.0,0.0,แหล่งน้ำขนาดกลาง,0,0.0,0.0,0.0,0.0
ไม่มีชื่อ,กาฬสินธุ์,0.0,0.0,0.0,0.0,0.0,0.0,แหล่งน้ำขนาดกลาง,0,0.0,0.0,0.0,0.0
บึงโดน,กาฬสินธุ์,0.0,0.0,0.0,0.0,0.0,0.0,แหล่งน้ำขนาดกลาง,0,0.0,0.0,0.0,0.0
หนองมะงอก,กาฬสินธุ์,0.0,0.0,0.0,0.0,0.0,0.0,แหล่งน้ำขนาดกลาง,0,0.0,0.0,0.0,0.0
ห้วยป่าซางอ่อน,ลำพูน,0.0,0.0,0.0,0.0,0.0,0.0,แหล่งน้ำขนาดกลาง,0,0.0,0.0,0.0,0.0
ห้วยเทา,สกลนคร,0.0,0.0,0.0,0.0,0.0,0.0,แหล่งน้ำขนาดกลาง,0,0.0,0.0,0.0,0.0
เลิงไก่โอก,กาฬสินธุ์,2.89,0.0,0.0,0.0,0.0,0.0,แหล่งน้ำขนาดกลาง,0,0.0,0.0,0.0,0.0
บึงพฤกชัย,กาฬสินธุ์,0.0,0.0,0.0,0.0,0.0,0.0,แหล่งน้ำขนาดกลาง,0,0.0,0.0,0.0,0.0
หนองซากใหญ่,สกลนคร,0.0,0.0,0.0,0.0,0.0,0.0,แหล่งน้ำขนาดกลาง,0,0.0,0.0,0.0,0.0
หนองอิเลิง,หนองคาย,14.36,0.0,0.0,0.0,0.0,0.0,แหล่งน้ำขนาดกลาง,0,0.0,0.0,0.0,0.0
หนองปล้อง,อุตรดิตถ์,12.0,0.0,0.0,0.0,0.0,0.0,แหล่งน้ำขนาดกลาง,0,0.0,0.0,0.0,0.0
ห้วยก้อด,ลำปาง,0.0,0.0,0.0,0.0,0.0,0.0,แหล่งน้ำขนาดกลาง,0,0.0,0.0,0.0,0.0
ห้วยแม่สิน,แพร่,0.0,0.0,0.0,0.0,0.0,0.0,แหล่งน้ำขนาดกลาง,0,0.0,0.0,0.0,0.0
บ้านโคกกรวด,นครราชสีมา,0.0,0.0,0.0,0.0,0.0,0.0,แหล่งน้ำขนาดกลาง,0,0.0,0.0,0.0,0.0
หนองละว้า,ขอนแก่น,0.0,0.0,0.0,0.0,0.0,0.0,แหล่งน้ำขนาดกลาง,0,0.0,0.0,0.0,0.0
หนองหวาย,สกลนคร,0.0,0.0,0.0,0.0,0.0,0.0,แหล่งน้ำขนาดกลาง,0,0.0,0.0,0.0,0.0
อ่างห้วยช่งแข้,สกลนคร,7.5,0.0,0.0,0.0,0.0,0.0,แหล่งน้ำขนาดกลาง,0,0.0,0.0,0.0,0.0
บึงแก่นนคร,ขอนแก่น,0.0,0.0,0.0,0.0,0.0,0.0,แหล่งน้ำขนาดกลาง,0,0.0,0.0,0.0,0.0
สระน้ำ บ้านกุดกว้าง,ขอนแก่น,0.0,0.0,0.0,0.0,0.0,0.0,แหล่งน้ำขนาดกลาง,0,0.0,0.0,0.0,0.0
หนองน้ำ บ้านหนองฮี,ขอนแก่น,0.0,0.0,0.0,0.0,0.0,0.0,แหล่งน้ำขนาดกลาง,0,0.0,0.0,0.0,0.0
หนองโคตร,ขอนแก่น,0.0,0.0,0.0,0.0,0.0,0.0,แหล่งน้ำขนาดกลาง,0,0.0,0.0,0.0,0.0
กุดโคก,ขอนแก่น,0.0,0.0,0.0,0.0,0.0,0.0,แหล่งน้ำขนาดกลาง,0,0.0,0.0,0.0,0.0
แม่แสด,ลำปาง,0.0,0.0,0.0,0.0,0.0,0.0,แหล่งน้ำขนาดกลาง,0,0.0,0.0,0.0,0.0
หนองแปน,ขอนแก่น,0.0,0.0,0.0,0.0,0.0,0.0,แหล่งน้ำขนาดกลาง,0,0.0,0.0,0.0,0.0
0,ขอนแก่น,0.0,0.0,0.0,0.0,0.0,0.0,แหล่งน้ำขนาดกลาง,0,0.0,0.0,0.0,0.0
หนองทุ่ม,สกลนคร,0.0,0.0,0.0,0.0,0.0,0.0,แหล่งน้ำขนาดกลาง,0,0.0,0.0,0.0,0.0
หนองเบ็ญ,ขอนแก่น,0.0,0.0,0.0,0.0,0.0,0.0,แหล่งน้ำขนาดกลาง,0,0.0,0.0,0.0,0.0
หนองโอก,ขอนแก่น,0.0,0.0,0.0,0.0,0.0,0.0,แหล่งน้ำขนาดกลาง,0,0.0,0.0,0.0,0.0
หนองแม่ชัด,ขอนแก่น,0.0,0.0,0.0,0.0,0.0,0.0,แหล่งน้ำขนาดกลาง,0,0.0,0.0,0.0,0.0
ท่าลาด,ขอนแก่น,0.0,0.0,0.0,0.0,0.0,0.0,แหล่งน้ำขนาดกลาง,0,0.0,0.0,0.0,0.0
กว๊านพะเยา,พะเยา,33.84,0.0,0.0,0.0,0.0,0.0,แหล่งน้ำขนาดกลาง,0,0.0,0.0,0.0,0.0
ทุ่งพึงพิด,ขอนแก่น,4.896,0.0,0.0,0.0,0.0,0.0,แหล่งน้ำขนาดกลาง,0,0.0,0.0,0.0,0.0
หนองหลวง,ขอนแก่น,0.0,0.0,0.0,0.0,0.0,0.0,แหล่งน้ำขนาดกลาง,0,0.0,0.0,0.0,0.0
หนองระเริงเค็ง,ขอนแก่น,0.0,0.0,0.0,0.0,0.0,0.0,แหล่งน้ำขนาดกลาง,0,0.0,0.0,0.0,0.0
หนองแกงใหญ่,ขอนแก่น,0.0,0.0,0.0,0.0,0.0,0.0,แหล่งน้ำขนาดกลาง,0,0.0,0.0,0.0,0.0
หนองปลา,สกลนคร,0.0,0.0,0.0,0.0,0.0,0.0,แหล่งน้ำขนาดกลาง,0,0.0,0.0,0.0,0.0
อ่างเก็นน้ำกุดนาแซง,ขอนแก่น,0.0,0.0,0.0,0.0,0.0,0.0,แหล่งน้ำขนาดกลาง,0,0.0,0.0,0.0,0.0
หนองบักดอน,สกลนคร,0.0,0.0,0.0,0.0,0.0,0.0,แหล่งน้ำขนาดกลาง,0,0.0,0.0,0.0,0.0
หนองบอดูก,สกลนคร,0.0,0.0,0.0,0.0,0.0,0.0,แหล่งน้ำขนาดกลาง,0,0.0,0.0,0.0,0.0
หนองกันเจม,เพชรบูรณ์,0.0,0.0,0.0,0.0,0.0,0.0,แหล่งน้ำขนาดกลาง,0,0.0,0.0,0.0,0.0
เขื่อนห้วยกุ่ม,ชัยภูมิ,20.23,0.0,0.0,0.0,0.0,0.0,แหล่งน้ำขนาดกลาง,0,0.0,0.0,0.0,0.0
ห้วยประทาว (เขื่อนบน),ชัยภูมิ,44.0,0.0,0.0,0.0,0.0,0.0,แหล่งน้ำขนาดกลาง,0,0.0,0.0,0.0,0.0
บึงจะบู,นครราชสีมา,0.0,0.0,0.0,0.0,0.0,0.0,แหล่งน้ำขนาดกลาง,0,0.0,0.0,0.0,0.0
บึงระเหว,ชัยภูมิ,0.0,0.0,0.0,0.0,0.0,0.0,แหล่งน้ำขนาดกลาง,0,0.0,0.0,0.0,0.0
ห้วยแม่ตุ้ม,พะเยา,0.0,0.0,0.0,0.0,0.0,0.0,แหล่งน้ำขนาดกลาง,0,0.0,0.0,0.0,0.0
หนองแก่งนารา,ชัยภูมิ,0.0,0.0,0.0,0.0,0.0,0.0,แหล่งน้ำขนาดกลาง,0,0.0,0.0,0.0,0.0
หนองเขื่อง,ชัยภูมิ,0.0,0.0,0.0,0.0,0.0,0.0,แหล่งน้ำขนาดกลาง,0,0.0,0.0,0.0,0.0
ห้วยประทาว (เขื่อนล่าง),ชัยภูมิ,16.4,0.0,0.0,0.0,0.0,0.0,แหล่งน้ำขนาดกลาง,0,0.0,0.0,0.0,0.0
บึงโลโพ,ชัยภูมิ,0.0,0.0,0.0,0.0,0.0,0.0,แหล่งน้ำขนาดกลาง,0,0.0,0.0,0.0,0.0
หนองแซง,ชัยภูมิ,0.0,0.0,0.0,0.0,0.0,0.0,แหล่งน้ำขนาดกลาง,0,0.0,0.0,0.0,0.0
หนองหอย,ชัยภูมิ,0.0,0.0,0.0,0.0,0.0,0.0,แหล่งน้ำขนาดกลาง,0,0.0,0.0,0.0,0.0
หนองบัวใหญ่,ชัยภูมิ,0.0,0.0,0.0,0.0,0.0,0.0,แหล่งน้ำขนาดกลาง,0,0.0,0.0,0.0,0.0
บึงชวน,ชัยภูมิ,0.0,0.0,0.0,0.0,0.0,0.0,แหล่งน้ำขนาดกลาง,0,0.0,0.0,0.0,0.0
บึงอำพันธิ์,ชัยภูมิ,0.0,0.0,0.0,0.0,0.0,0.0,แหล่งน้ำขนาดกลาง,0,0.0,0.0,0.0,0.0
หนองบ่อพนา,สกลนคร,0.0,0.0,0.0,0.0,0.0,0.0,แหล่งน้ำขนาดกลาง,0,0.0,0.0,0.0,0.0
ห้วยขอน,แพร่,0.0,0.0,0.0,0.0,0.0,0.0,แหล่งน้ำขนาดกลาง,0,0.0,0.0,0.0,0.0
หนองกราม,ศรีสะเกษ,0.0,0.0,0.0,0.0,0.0,0.0,แหล่งน้ำขนาดกลาง,0,0.0,0.0,0.0,0.0
กุดน้ำใส,ศรีสะเกษ,0.0,0.0,0.0,0.0,0.0,0.0,แหล่งน้ำขนาดกลาง,0,0.0,0.0,0.0,0.0
ปากอีจ้อน,ศรีสะเกษ,0.0,0.0,0.0,0.0,0.0,0.0,แหล่งน้ำขนาดกลาง,0,0.0,0.0,0.0,0.0
หนองสามหมื่น,ชัยภูมิ,0.0,0.0,0.0,0.0,0.0,0.0,แหล่งน้ำขนาดกลาง,0,0.0,0.0,0.0,0.0
หนองบักซู,ชัยภูมิ,0.0,0.0,0.0,0.0,0.0,0.0,แหล่งน้ำขนาดกลาง,0,0.0,0.0,0.0,0.0
หนองนาแซง,ชัยภูมิ,0.0,0.0,0.0,0.0,0.0,0.0,แหล่งน้ำขนาดกลาง,0,0.0,0.0,0.0,0.0
ห้วยหนองเข็ม,นครพนม,0.0,0.0,0.0,0.0,0.0,0.0,แหล่งน้ำขนาดกลาง,0,0.0,0.0,0.0,0.0
วังนอง,นครพนม,2.0,0.0,0.0,0.0,0.0,0.0,แหล่งน้ำขนาดกลาง,0,0.0,0.0,0.0,0.0
หนองไชยวาน,นครพนม,24.0,0.0,0.0,0.0,0.0,0.0,แหล่งน้ำขนาดกลาง,0,0.0,0.0,0.0,0.0
หนองแสง,นครพนม,0.0,0.0,0.0,0.0,0.0,0.0,แหล่งน้ำขนาดกลาง,0,0.0,0.0,0.0,0.0
ไม่มีชื่อ,ประจวบคีรีขันธ์,0.0,0.0,0.0,0.0,0.0,0.0,แหล่งน้ำขนาดกลาง,0,0.0,0.0,0.0,0.0
หนองโอ,นครพนม,0.0,0.0,0.0,0.0,0.0,0.0,แหล่งน้ำขนาดกลาง,0,0.0,0.0,0.0,0.0
หนองเซา,นครพนม,0.0,0.0,0.0,0.0,0.0,0.0,แหล่งน้ำขนาดกลาง,0,0.0,0.0,0.0,0.0
หนองนา,สกลนคร,0.0,0.0,0.0,0.0,0.0,0.0,แหล่งน้ำขนาดกลาง,0,0.0,0.0,0.0,0.0
หนองกอมเกาะ,หนองคาย,0.0,0.0,0.0,0.0,0.0,0.0,แหล่งน้ำขนาดกลาง,0,0.0,0.0,0.0,0.0
หนองคอน,หนองคาย,0.0,0.0,0.0,0.0,0.0,0.0,แหล่งน้ำขนาดกลาง,0,0.0,0.0,0.0,0.0
หนองคำมน,นครพนม,0.0,0.0,0.0,0.0,0.0,0.0,แหล่งน้ำขนาดกลาง,0,0.0,0.0,0.0,0.0
กุดเรือคำ,นครพนม,0.0,0.0,0.0,0.0,0.0,0.0,แหล่งน้ำขนาดกลาง,0,0.0,0.0,0.0,0.0
หนองสาหร่าย,นครพนม,0.0,0.0,0.0,0.0,0.0,0.0,แหล่งน้ำขนาดกลาง,0,0.0,0.0,0.0,0.0
หนองเครือเขา,นครพนม,0.0,0.0,0.0,0.0,0.0,0.0,แหล่งน้ำขนาดกลาง,0,0.0,0.0,0.0,0.0
หนองเครือเขา,นครพนม,0.0,0.0,0.0,0.0,0.0,0.0,แหล่งน้ำขนาดกลาง,0,0.0,0.0,0.0,0.0
หนองหลวง,สกลนคร,0.0,0.0,0.0,0.0,0.0,0.0,แหล่งน้ำขนาดกลาง,0,0.0,0.0,0.0,0.0
หนองสังข์,นครพนม,0.0,0.0,0.0,0.0,0.0,0.0,แหล่งน้ำขนาดกลาง,0,0.0,0.0,0.0,0.0
หนองปลาปาก,สกลนคร,0.0,0.0,0.0,0.0,0.0,0.0,แหล่งน้ำขนาดกลาง,0,0.0,0.0,0.0,0.0
ห้วยงิ้ว,เชียงราย,0.0,0.0,0.0,0.0,0.0,0.0,แหล่งน้ำขนาดกลาง,0,0.0,0.0,0.0,0.0
หนองหลวง,สกลนคร,0.0,0.0,0.0,0.0,0.0,0.0,แหล่งน้ำขนาดกลาง,0,0.0,0.0,0.0,0.0
ห้วยน้ำบ่อ,นครพนม,0.0,0.0,0.0,0.0,0.0,0.0,แหล่งน้ำขนาดกลาง,0,0.0,0.0,0.0,0.0
หนองแซง,นครพนม,0.0,0.0,0.0,0.0,0.0,0.0,แหล่งน้ำขนาดกลาง,0,0.0,0.0,0.0,0.0
ห้วยหนองโดก,นครพนม,0.0,0.0,0.0,0.0,0.0,0.0,แหล่งน้ำขนาดกลาง,0,0.0,0.0,0.0,0.0
หนองดินดาก,นครพนม,0.0,0.0,0.0,0.0,0.0,0.0,แหล่งน้ำขนาดกลาง,0,0.0,0.0,0.0,0.0
หนองบ่อหลุบ,สกลนคร,0.0,0.0,0.0,0.0,0.0,0.0,แหล่งน้ำขนาดกลาง,0,0.0,0.0,0.0,0.0
บึงบ้านโคกสี,สกลนคร,0.0,0.0,0.0,0.0,0.0,0.0,แหล่งน้ำขนาดกลาง,0,0.0,0.0,0.0,0.0
บึงพุดซา,นครราชสีมา,0.0,0.0,0.0,0.0,0.0,0.0,แหล่งน้ำขนาดกลาง,0,0.0,0.0,0.0,0.0
ไม่มีชื่อ,นครพนม,0.0,0.0,0.0,0.0,0.0,0.0,แหล่งน้ำขนาดกลาง,0,0.0,0.0,0.0,0.0
ตาดควัน,เชียงราย,6.7,0.0,0.0,0.0,0.0,0.0,แหล่งน้ำขนาดกลาง,0,0.0,0.0,0.0,0.0
หนองหลวง,เชียงราย,0.0,0.0,0.0,0.0,0.0,0.0,แหล่งน้ำขนาดกลาง,0,0.0,0.0,0.0,0.0
บึงแท่น,นครราชสีมา,0.0,0.0,0.0,0.0,0.0,0.0,แหล่งน้ำขนาดกลาง,0,0.0,0.0,0.0,0.0
ห้วยเอี้ยง,เชียงราย,0.0,0.0,0.0,0.0,0.0,0.0,แหล่งน้ำขนาดกลาง,0,0.0,0.0,0.0,0.0
ไม่มีชื่อ,นครศรีธรรมราช,0.0,0.0,0.0,0.0,0.0,0.0,แหล่งน้ำขนาดกลาง,0,0.0,0.0,0.0,0.0
ไม่มีชื่อ,สกลนคร,0.0,0.0,0.0,0.0,0.0,0.0,แหล่งน้ำขนาดกลาง,0,0.0,0.0,0.0,0.0
ห้วยอีพัน,สกลนคร,0.0,0.0,0.0,0.0,0.0,0.0,แหล่งน้ำขนาดกลาง,0,0.0,0.0,0.0,0.0
หนองทรง,เชียงราย,0.0,0.0,0.0,0.0,0.0,0.0,แหล่งน้ำขนาดกลาง,0,0.0,0.0,0.0,0.0
หนองทุ่งมน,สกลนคร,0.0,0.0,0.0,0.0,0.0,0.0,แหล่งน้ำขนาดกลาง,0,0.0,0.0,0.0,0.0
บึงถนนหักใหญ่,นครราชสีมา,0.0,0.0,0.0,0.0,0.0,0.0,แหล่งน้ำขนาดกลาง,0,0.0,0.0,0.0,0.0
หนองฮ่าง,เชียงราย,0.0,0.0,0.0,0.0,0.0,0.0,แหล่งน้ำขนาดกลาง,0,0.0,0.0,0.0,0.0
บึงคัน,สกลนคร,0.0,0.0,0.0,0.0,0.0,0.0,แหล่งน้ำขนาดกลาง,0,0.0,0.0,0.0,0.0
หนองหลวง,ตาก,0.0,0.0,0.0,0.0,0.0,0.0,แหล่งน้ำขนาดกลาง,0,0.0,0.0,0.0,0.0
หนองซาด,สุรินทร์,0.0,0.0,0.0,0.0,0.0,0.0,แหล่งน้ำขนาดกลาง,0,0.0,0.0,0.0,0.0
หนองน้ำ บ้านกระเบื้องใหญ่,สุรินทร์,0.0,0.0,0.0,0.0,0.0,0.0,แหล่งน้ำขนาดกลาง,0,0.0,0.0,0.0,0.0
หนองประแดงพาย,สุรินทร์,0.0,0.0,0.0,0.0,0.0,0.0,แหล่งน้ำขนาดกลาง,0,0.0,0.0,0.0,0.0
สันป่าสัก,เชียงราย,0.0,0.0,0.0,0.0,0.0,0.0,แหล่งน้ำขนาดกลาง,0,0.0,0.0,0.0,0.0
แม่ฉางข้าว,เชียงราย,0.0,0.0,0.0,0.0,0.0,0.0,แหล่งน้ำขนาดกลาง,0,0.0,0.0,0.0,0.0
ห้วยคลองตะแบก,ตาก,0.0,0.0,0.0,0.0,0.0,0.0,แหล่งน้ำขนาดกลาง,0,0.0,0.0,0.0,0.0
หนองสวง,นครราชสีมา,0.0,0.0,0.0,0.0,0.0,0.0,แหล่งน้ำขนาดกลาง,0,0.0,0.0,0.0,0.0
หนองละหานนา,นครราชสีมา,0.0,0.0,0.0,0.0,0.0,0.0,แหล่งน้ำขนาดกลาง,0,0.0,0.0,0.0,0.0
ห้วยก้าง,เชียงราย,0.0,0.0,0.0,0.0,0.0,0.0,แหล่งน้ำขนาดกลาง,0,0.0,0.0,0.0,0.0
หนองบึงสำโรง,นครราชสีมา,0.0,0.0,0.0,0.0,0.0,0.0,แหล่งน้ำขนาดกลาง,0,0.0,0.0,0.0,0.0
บึงเอง,นครราชสีมา,0.0,0.0,0.0,0.0,0.0,0.0,แหล่งน้ำขนาดกลาง,0,0.0,0.0,0.0,0.0
หนองนาแชง,บึงกาฬ,0.0,0.0,0.0,0.0,0.0,0.0,แหล่งน้ำขนาดกลาง,0,0.0,0.0,0.0,0.0
หนองเชียงบุญมา,บึงกาฬ,0.0,0.0,0.0,0.0,0.0,0.0,แหล่งน้ำขนาดกลาง,0,0.0,0.0,0.0,0.0
หนองจันทร์,บึงกาฬ,0.0,0.0,0.0,0.0,0.0,0.0,แหล่งน้ำขนาดกลาง,0,0.0,0.0,0.0,0.0
บึงขามเปี้ย,บึงกาฬ,0.0,0.0,0.0,0.0,0.0,0.0,แหล่งน้ำขนาดกลาง,0,0.0,0.0,0.0,0.0
หนองบอ,บึงกาฬ,0.0,0.0,0.0,0.0,0.0,0.0,แหล่งน้ำขนาดกลาง,0,0.0,0.0,0.0,0.0
หนองกุดโย้,บึงกาฬ,0.0,0.0,0.0,0.0,0.0,0.0,แหล่งน้ำขนาดกลาง,0,0.0,0.0,0.0,0.0
กุดจับ,บึงกาฬ,0.0,0.0,0.0,0.0,0.0,0.0,แหล่งน้ำขนาดกลาง,0,0.0,0.0,0.0,0.0
หนองอาฮง,บึงกาฬ,0.0,0.0,0.0,0.0,0.0,0.0,แหล่งน้ำขนาดกลาง,0,0.0,0.0,0.0,0.0
คลองห้วยทราย,ตาก,0.0,0.0,0.0,0.0,0.0,0.0,แหล่งน้ำขนาดกลาง,0,0.0,0.0,0.0,0.0
หนองเลิง,บึงกาฬ,0.0,0.0,0.0,0.0,0.0,0.0,แหล่งน้ำขนาดกลาง,0,0.0,0.0,0.0,0.0
หนองเงียง,บึงกาฬ,0.0,0.0,0.0,0.0,0.0,0.0,แหล่งน้ำขนาดกลาง,0,0.0,0.0,0.0,0.0
หนองหิ้ง,บึงกาฬ,0.0,0.0,0.0,0.0,0.0,0.0,แหล่งน้ำขนาดกลาง,0,0.0,0.0,0.0,0.0
หนองหินตัน,บึงกาฬ,0.0,0.0,0.0,0.0,0.0,0.0,แหล่งน้ำขนาดกลาง,0,0.0,0.0,0.0,0.0
หนองยอง,บึงกาฬ,0.0,0.0,0.0,0.0,0.0,0.0,แหล่งน้ำขนาดกลาง,0,0.0,0.0,0.0,0.0
ห้วยฮ่องไคร้,เชียงใหม่,0.0,0.0,0.0,0.0,0.0,0.0,แหล่งน้ำขนาดกลาง,0,0.0,0.0,0.0,0.0
หนองกระนัง,บุรีรัมย์,0.0,0.0,0.0,0.0,0.0,0.0,แหล่งน้ำขนาดกลาง,0,0.0,0.0,0.0,0.0
แม่มาว,เชียงใหม่,20.6,0.0,0.0,0.0,0.0,0.0,แหล่งน้ำขนาดกลาง,0,0.0,0.0,0.0,0.0
ห้วยชะลาด,ตาก,0.0,0.0,0.0,0.0,0.0,0.0,แหล่งน้ำขนาดกลาง,0,0.0,0.0,0.0,0.0
ห้วยบวกหลวง,ตาก,0.0,0.0,0.0,0.0,0.0,0.0,แหล่งน้ำขนาดกลาง,0,0.0,0.0,0.0,0.0
ห้วยสองแควหลวง,ตาก,0.0,0.0,0.0,0.0,0.0,0.0,แหล่งน้ำขนาดกลาง,0,0.0,0.0,0.0,0.0
หนองสางนกแซว,หนองคาย,0.0,0.0,0.0,0.0,0.0,0.0,แหล่งน้ำขนาดกลาง,0,0.0,0.0,0.0,0.0
หนองน้ำ,ฉะเชิงเทรา,0.0,0.0,0.0,0.0,0.0,0.0,แหล่งน้ำขนาดกลาง,0,0.0,0.0,0.0,0.0
ห้วยยาง,บุรีรัมย์,13.8,0.0,0.0,0.0,0.0,0.0,แหล่งน้ำขนาดกลาง,0,0.0,0.0,0.0,0.0
หนองทุ่งกระเด็น,บุรีรัมย์,0.0,0.0,0.0,0.0,0.0,0.0,แหล่งน้ำขนาดกลาง,0,0.0,0.0,0.0,0.0
หนองละหานทราย,บุรีรัมย์,0.0,0.0,0.0,0.0,0.0,0.0,แหล่งน้ำขนาดกลาง,0,0.0,0.0,0.0,0.0
หนองกวัก,หนองคาย,0.0,0.0,0.0,0.0,0.0,0.0,แหล่งน้ำขนาดกลาง,0,0.0,0.0,0.0,0.0
หนองละหานทรายเก่า,บุรีรัมย์,0.0,0.0,0.0,0.0,0.0,0.0,แหล่งน้ำขนาดกลาง,0,0.0,0.0,0.0,0.0
หนองหัวเรือ,หนองคาย,0.0,0.0,0.0,0.0,0.0,0.0,แหล่งน้ำขนาดกลาง,0,0.0,0.0,0.0,0.0
หนองห้วยราญ,หนองคาย,0.0,0.0,0.0,0.0,0.0,0.0,แหล่งน้ำขนาดกลาง,0,0.0,0.0,0.0,0.0
หนองนาตู้ดี,หนองคาย,0.0,0.0,0.0,0.0,0.0,0.0,แหล่งน้ำขนาดกลาง,0,0.0,0.0,0.0,0.0
หนองหัวช้าง,หนองคาย,0.0,0.0,0.0,0.0,0.0,0.0,แหล่งน้ำขนาดกลาง,0,0.0,0.0,0.0,0.0
หนองคางฮุง,หนองคาย,0.0,0.0,0.0,0.0,0.0,0.0,แหล่งน้ำขนาดกลาง,0,0.0,0.0,0.0,0.0
หนองตะแบง,บุรีรัมย์,0.0,0.0,0.0,0.0,0.0,0.0,แหล่งน้ำขนาดกลาง,0,0.0,0.0,0.0,0.0
หนองห้วยน้ำเกลี้ยง,หนองคาย,0.0,0.0,0.0,0.0,0.0,0.0,แหล่งน้ำขนาดกลาง,0,0.0,0.0,0.0,0.0
หนองผักไหม,หนองคาย,0.0,0.0,0.0,0.0,0.0,0.0,แหล่งน้ำขนาดกลาง,0,0.0,0.0,0.0,0.0
หนองเบ็นเครือ,มหาสารคาม,0.0,0.0,0.0,0.0,0.0,0.0,แหล่งน้ำขนาดกลาง,0,0.0,0.0,0.0,0.0
หนอง,หนองคาย,0.0,0.0,0.0,0.0,0.0,0.0,แหล่งน้ำขนาดกลาง,0,0.0,0.0,0.0,0.0
ห้วยแก้ว,เชียงใหม่,0.0,0.0,0.0,0.0,0.0,0.0,แหล่งน้ำขนาดกลาง,0,0.0,0.0,0.0,0.0
หนองหาดซัง,หนองคาย,0.0,0.0,0.0,0.0,0.0,0.0,แหล่งน้ำขนาดกลาง,0,0.0,0.0,0.0,0.0
หนองคอน,หนองคาย,0.0,0.0,0.0,0.0,0.0,0.0,แหล่งน้ำขนาดกลาง,0,0.0,0.0,0.0,0.0
สองแควเหนือ,ตาก,0.0,0.0,0.0,0.0,0.0,0.0,แหล่งน้ำขนาดกลาง,0,0.0,0.0,0.0,0.0
หนองกันชา,มหาสารคาม,0.0,0.0,0.0,0.0,0.0,0.0,แหล่งน้ำขนาดกลาง,0,0.0,0.0,0.0,0.0
หนองช้าง,อุบลราชธานี,0.0,0.0,0.0,0.0,0.0,0.0,แหล่งน้ำขนาดกลาง,0,0.0,0.0,0.0,0.0
ไม่มีชื่อ,มหาสารคาม,0.0,0.0,0.0,0.0,0.0,0.0,แหล่งน้ำขนาดกลาง,0,0.0,0.0,0.0,0.0
หนองราษฎร์,มหาสารคาม,0.0,0.0,0.0,0.0,0.0,0.0,แหล่งน้ำขนาดกลาง,0,0.0,0.0,0.0,0.0
ไม่มีชื่อ,สุราษฎร์ธานี,0.0,0.0,0.0,0.0,0.0,0.0,แหล่งน้ำขนาดกลาง,0,0.0,0.0,0.0,0.0
หนองเลิงใหญ่,มหาสารคาม,0.0,0.0,0.0,0.0,0.0,0.0,แหล่งน้ำขนาดกลาง,0,0.0,0.0,0.0,0.0
แม่เทย,ลำพูน,0.0,0.0,0.0,0.0,0.0,0.0,แหล่งน้ำขนาดกลาง,0,0.0,0.0,0.0,0.0
หนองสามขา,อำนาจเจริญ,0.0,0.0,0.0,0.0,0.0,0.0,แหล่งน้ำขนาดกลาง,0,0.0,0.0,0.0,0.0
ห้วยแม่หาด,ลำพูน,0.0,0.0,0.0,0.0,0.0,0.0,แหล่งน้ำขนาดกลาง,0,0.0,0.0,0.0,0.0
หนองทุ่งใหญ่,อุดรธานี,0.0,0.0,0.0,0.0,0.0,0.0,แหล่งน้ำขนาดกลาง,0,0.0,0.0,0.0,0.0
หนองงาม,อุดรธานี,0.0,0.0,0.0,0.0,0.0,0.0,แหล่งน้ำขนาดกลาง,0,0.0,0.0,0.0,0.0
พรุปาลีมอ,ยะลา,0.0,0.0,0.0,0.0,0.0,0.0,แหล่งน้ำขนาดกลาง,0,0.0,0.0,0.0,0.0
หนองแวงพัมนา,อุดรธานี,0.0,0.0,0.0,0.0,0.0,0.0,แหล่งน้ำขนาดกลาง,0,0.0,0.0,0.0,0.0
แม่ผาแหน,เชียงใหม่,0.0,0.0,0.0,0.0,0.0,0.0,แหล่งน้ำขนาดกลาง,0,0.0,0.0,0.0,0.0
หนองบวบเลา,อุดรธานี,0.0,0.0,0.0,0.0,0.0,0.0,แหล่งน้ำขนาดกลาง,0,0.0,0.0,0.0,0.0
หนองแล้ง,อุดรธานี,0.0,0.0,0.0,0.0,0.0,0.0,แหล่งน้ำขนาดกลาง,0,0.0,0.0,0.0,0.0
ห้วยลาน,เชียงใหม่,0.0,0.0,0.0,0.0,0.0,0.0,แหล่งน้ำขนาดกลาง,0,0.0,0.0,0.0,0.0
บึงโคกสี,อุดรธานี,0.0,0.0,0.0,0.0,0.0,0.0,แหล่งน้ำขนาดกลาง,0,0.0,0.0,0.0,0.0
ห้วยม่วง,อุตรดิตถ์,3.39,0.0,0.0,0.0,0.0,0.0,แหล่งน้ำขนาดกลาง,0,0.0,0.0,0.0,0.0
หนองส้มกุง,หนองคาย,0.0,0.0,0.0,0.0,0.0,0.0,แหล่งน้ำขนาดกลาง,0,0.0,0.0,0.0,0.0
บึงเขาดิน,นครสวรรค์,0.0,0.0,0.0,0.0,0.0,0.0,แหล่งน้ำขนาดกลาง,0,0.0,0.0,0.0,0.0
หนองกอง,กำแพงเพชร,2.1,0.0,0.0,0.0,0.0,0.0,แหล่งน้ำขนาดกลาง,0,0.0,0.0,0.0,0.0
บึงหล่ม,อุตรดิตถ์,0.0,0.0,0.0,0.0,0.0,0.0,แหล่งน้ำขนาดกลาง,0,0.0,0.0,0.0,0.0
คลองวังน้ำแดง,กำแพงเพชร,0.0,0.0,0.0,0.0,0.0,0.0,แหล่งน้ำขนาดกลาง,0,0.0,0.0,0.0,0.0
แม่นาเรือ,พะเยา,0.0,0.0,0.0,0.0,0.0,0.0,แหล่งน้ำขนาดกลาง,0,0.0,0.0,0.0,0.0
บึงอ้อ,ชัยนาท,0.0,0.0,0.0,0.0,0.0,0.0,แหล่งน้ำขนาดกลาง,0,0.0,0.0,0.0,0.0
บึงท่าเรือทอง,ชัยนาท,0.0,0.0,0.0,0.0,0.0,0.0,แหล่งน้ำขนาดกลาง,0,0.0,0.0,0.0,0.0
หนองน้ำ,ชัยนาท,0.0,0.0,0.0,0.0,0.0,0.0,แหล่งน้ำขนาดกลาง,0,0.0,0.0,0.0,0.0
บึงประจำรัง,ชัยนาท,3.0,0.0,0.0,0.0,0.0,0.0,แหล่งน้ำขนาดกลาง,0,0.0,0.0,0.0,0.0
บึงกระจับ,ชัยนาท,4.75,0.0,0.0,0.0,0.0,0.0,แหล่งน้ำขนาดกลาง,0,0.0,0.0,0.0,0.0
บึงระหาญใหญ่,ชัยนาท,5.7,0.0,0.0,0.0,0.0,0.0,แหล่งน้ำขนาดกลาง,0,0.0,0.0,0.0,0.0
บึงระหารบัว,ชัยนาท,0.0,0.0,0.0,0.0,0.0,0.0,แหล่งน้ำขนาดกลาง,0,0.0,0.0,0.0,0.0
บึงตะมาย,ชัยนาท,0.0,0.0,0.0,0.0,0.0,0.0,แหล่งน้ำขนาดกลาง,0,0.0,0.0,0.0,0.0
บึงหาดกองสิน,ชัยนาท,0.0,0.0,0.0,0.0,0.0,0.0,แหล่งน้ำขนาดกลาง,0,0.0,0.0,0.0,0.0
หนองน้ำ บ้านดอนแดง,นครพนม,0.0,0.0,0.0,0.0,0.0,0.0,แหล่งน้ำขนาดกลาง,0,0.0,0.0,0.0,0.0
หนองปลาโด,นครพนม,0.0,0.0,0.0,0.0,0.0,0.0,แหล่งน้ำขนาดกลาง,0,0.0,0.0,0.0,0.0
ห้วยดงปูแกง,พะเยา,2.7,0.0,0.0,0.0,0.0,0.0,แหล่งน้ำขนาดกลาง,0,0.0,0.0,0.0,0.0
บึงน้ำใส,นครสวรรค์,0.0,0.0,0.0,0.0,0.0,0.0,แหล่งน้ำขนาดกลาง,0,0.0,0.0,0.0,0.0
บึงเสนาท,นครสวรรค์,0.0,0.0,0.0,0.0,0.0,0.0,แหล่งน้ำขนาดกลาง,0,0.0,0.0,0.0,0.0
บึงสำโรง,นครสวรรค์,0.0,0.0,0.0,0.0,0.0,0.0,แหล่งน้ำขนาดกลาง,0,0.0,0.0,0.0,0.0
หนองสามควาน,นครสวรรค์,0.0,0.0,0.0,0.0,0.0,0.0,แหล่งน้ำขนาดกลาง,0,0.0,0.0,0.0,0.0
หนองหวาย,นครสวรรค์,0.0,0.0,0.0,0.0,0.0,0.0,แหล่งน้ำขนาดกลาง,0,0.0,0.0,0.0,0.0
บึงกระจังงาม,นครสวรรค์,0.0,0.0,0.0,0.0,0.0,0.0,แหล่งน้ำขนาดกลาง,0,0.0,0.0,0.0,0.0
บึงทัพกฤษ,นครสวรรค์,0.0,0.0,0.0,0.0,0.0,0.0,แหล่งน้ำขนาดกลาง,0,0.0,0.0,0.0,0.0
บึงอ้อ,นครสวรรค์,0.0,0.0,0.0,0.0,0.0,0.0,แหล่งน้ำขนาดกลาง,0,0.0,0.0,0.0,0.0
หนองชายครุย,นครสวรรค์,0.0,0.0,0.0,0.0,0.0,0.0,แหล่งน้ำขนาดกลาง,0,0.0,0.0,0.0,0.0
ไม่มีชื่อ,กาฬสินธุ์,0.0,0.0,0.0,0.0,0.0,0.0,แหล่งน้ำขนาดกลาง,0,0.0,0.0,0.0,0.0
เขาพระ 2,นครสวรรค์,2.0,0.0,0.0,0.0,0.0,0.0,แหล่งน้ำขนาดกลาง,0,0.0,0.0,0.0,0.0
หนองใหญ่,นครสวรรค์,0.0,0.0,0.0,0.0,0.0,0.0,แหล่งน้ำขนาดกลาง,0,0.0,0.0,0.0,0.0
หนองตานิวใหญ่,นครสวรรค์,0.0,0.0,0.0,0.0,0.0,0.0,แหล่งน้ำขนาดกลาง,0,0.0,0.0,0.0,0.0
บึงใหญ่,นครสวรรค์,0.0,0.0,0.0,0.0,0.0,0.0,แหล่งน้ำขนาดกลาง,0,0.0,0.0,0.0,0.0
หนองศรีเจริญ,อุดรธานี,0.0,0.0,0.0,0.0,0.0,0.0,แหล่งน้ำขนาดกลาง,0,0.0,0.0,0.0,0.0
หนองบางเดื่อ,นครสวรรค์,0.0,0.0,0.0,0.0,0.0,0.0,แหล่งน้ำขนาดกลาง,0,0.0,0.0,0.0,0.0
บึงหล่ม,นครสวรรค์,0.0,0.0,0.0,0.0,0.0,0.0,แหล่งน้ำขนาดกลาง,0,0.0,0.0,0.0,0.0
สระ,พระนครศรีอยุธยา,0.0,0.0,0.0,0.0,0.0,0.0,แหล่งน้ำขนาดกลาง,0,0.0,0.0,0.0,0.0
หนองขลา,พิจิตร,0.0,0.0,0.0,0.0,0.0,0.0,แหล่งน้ำขนาดกลาง,0,0.0,0.0,0.0,0.0
หนองหล่ม,พิจิตร,0.0,0.0,0.0,0.0,0.0,0.0,แหล่งน้ำขนาดกลาง,0,0.0,0.0,0.0,0.0
หนองคนาง,พิจิตร,0.0,0.0,0.0,0.0,0.0,0.0,แหล่งน้ำขนาดกลาง,0,0.0,0.0,0.0,0.0
บึงนาราง,พิจิตร,0.0,0.0,0.0,0.0,0.0,0.0,แหล่งน้ำขนาดกลาง,0,0.0,0.0,0.0,0.0
บึงสรรพงาย,พิจิตร,0.0,0.0,0.0,0.0,0.0,0.0,แหล่งน้ำขนาดกลาง,0,0.0,0.0,0.0,0.0
บึงทุ่งหงษ์,พิษณุโลก,0.0,0.0,0.0,0.0,0.0,0.0,แหล่งน้ำขนาดกลาง,0,0.0,0.0,0.0,0.0
บึงแม่ระหัน,พิษณุโลก,0.0,0.0,0.0,0.0,0.0,0.0,แหล่งน้ำขนาดกลาง,0,0.0,0.0,0.0,0.0
ห้วยซำรู้,พิษณุโลก,0.0,0.0,0.0,0.0,0.0,0.0,แหล่งน้ำขนาดกลาง,0,0.0,0.0,0.0,0.0
บึงตะเครง,พิษณุโลก,0.0,0.0,0.0,0.0,0.0,0.0,แหล่งน้ำขนาดกลาง,0,0.0,0.0,0.0,0.0
บึงราชนก,พิษณุโลก,2.67,0.0,0.0,0.0,0.0,0.0,แหล่งน้ำขนาดกลาง,0,0.0,0.0,0.0,0.0
บึงกำไล,พิษณุโลก,0.0,0.0,0.0,0.0,0.0,0.0,แหล่งน้ำขนาดกลาง,0,0.0,0.0,0.0,0.0
ห้วยคลองเหมือง,พิษณุโลก,0.0,0.0,0.0,0.0,0.0,0.0,แหล่งน้ำขนาดกลาง,0,0.0,0.0,0.0,0.0
บึงบัว,พิษณุโลก,0.0,0.0,0.0,0.0,0.0,0.0,แหล่งน้ำขนาดกลาง,0,0.0,0.0,0.0,0.0
บึงชวน,อุดรธานี,0.0,0.0,0.0,0.0,0.0,0.0,แหล่งน้ำขนาดกลาง,0,0.0,0.0,0.0,0.0
หนองเขื่อง,ยโสธร,0.0,0.0,0.0,0.0,0.0,0.0,แหล่งน้ำขนาดกลาง,0,0.0,0.0,0.0,0.0
บึงผือฮี,ยโสธร,0.0,0.0,0.0,0.0,0.0,0.0,แหล่งน้ำขนาดกลาง,0,0.0,0.0,0.0,0.0
ห้วยจั๊กจั่น,เพชรบูรณ์,30.0,0.0,0.0,0.0,0.0,0.0,แหล่งน้ำขนาดกลาง,0,0.0,0.0,0.0,0.0
หนองปากเป่ง,ยโสธร,0.0,0.0,0.0,0.0,0.0,0.0,แหล่งน้ำขนาดกลาง,0,0.0,0.0,0.0,0.0
หนองดงผักเทียม,อุดรธานี,0.0,0.0,0.0,0.0,0.0,0.0,แหล่งน้ำขนาดกลาง,0,0.0,0.0,0.0,0.0
หนองขาหยัง,เพชรบูรณ์,0.0,0.0,0.0,0.0,0.0,0.0,แหล่งน้ำขนาดกลาง,0,0.0,0.0,0.0,0.0
พาน,อุดรธานี,0.0,0.0,0.0,0.0,0.0,0.0,แหล่งน้ำขนาดกลาง,0,0.0,0.0,0.0,0.0
ห้วยแม่ต๋ำ,พะเยา,0.0,0.0,0.0,0.0,0.0,0.0,แหล่งน้ำขนาดกลาง,0,0.0,0.0,0.0,0.0
ไม่มีชื่อ,เพชรบูรณ์,0.0,0.0,0.0,0.0,0.0,0.0,แหล่งน้ำขนาดกลาง,0,0.0,0.0,0.0,0.0
ห้วยน้ำแวน,พะเยา,0.0,0.0,0.0,0.0,0.0,0.0,แหล่งน้ำขนาดกลาง,0,0.0,0.0,0.0,0.0
อ่างห้วยแหน,พะเยา,2.64,0.0,0.0,0.0,0.0,0.0,แหล่งน้ำขนาดกลาง,0,0.0,0.0,0.0,0.0
ปลาคูณ,ร้อยเอ็ด,0.0,0.0,0.0,0.0,0.0,0.0,แหล่งน้ำขนาดกลาง,0,0.0,0.0,0.0,0.0
ห้วยแม่ผง,พะเยา,5.08,0.0,0.0,0.0,0.0,0.0,แหล่งน้ำขนาดกลาง,0,0.0,0.0,0.0,0.0
ห้วยใหญ่,ลพบุรี,11.87,0.0,0.0,0.0,0.0,0.0,แหล่งน้ำขนาดกลาง,0,0.0,0.0,0.0,0.0
หนองเล็งทราย,พะเยา,0.0,0.0,0.0,0.0,0.0,0.0,แหล่งน้ำขนาดกลาง,0,0.0,0.0,0.0,0.0
ไม่มีชื่อ,นครศรีธรรมราช,0.0,0.0,0.0,0.0,0.0,0.0,แหล่งน้ำขนาดกลาง,0,0.0,0.0,0.0,0.0
กุดแดง,ร้อยเอ็ด,2.806,0.0,0.0,0.0,0.0,0.0,แหล่งน้ำขนาดกลาง,0,0.0,0.0,0.0,0.0
หนองบึงจิ๋ว,ร้อยเอ็ด,0.0,0.0,0.0,0.0,0.0,0.0,แหล่งน้ำขนาดกลาง,0,0.0,0.0,0.0,0.0
หนองขุนหมา,อุทัยธานี,0.0,0.0,0.0,0.0,0.0,0.0,แหล่งน้ำขนาดกลาง,0,0.0,0.0,0.0,0.0
หนองประมูล,สุโขทัย,0.0,0.0,0.0,0.0,0.0,0.0,แหล่งน้ำขนาดกลาง,0,0.0,0.0,0.0,0.0
หนองจระเข้,สุโขทัย,0.0,0.0,0.0,0.0,0.0,0.0,แหล่งน้ำขนาดกลาง,0,0.0,0.0,0.0,0.0
หนองทุ่งแม่ระวิง,สุโขทัย,0.0,0.0,0.0,0.0,0.0,0.0,แหล่งน้ำขนาดกลาง,0,0.0,0.0,0.0,0.0
ห้วยหัวแหวน,สุโขทัย,0.0,0.0,0.0,0.0,0.0,0.0,แหล่งน้ำขนาดกลาง,0,0.0,0.0,0.0,0.0
บึงใหญ่,สุโขทัย,0.0,0.0,0.0,0.0,0.0,0.0,แหล่งน้ำขนาดกลาง,0,0.0,0.0,0.0,0.0
เกิดผล,สุโขทัย,0.0,0.0,0.0,0.0,0.0,0.0,แหล่งน้ำขนาดกลาง,0,0.0,0.0,0.0,0.0
หนองลี,สุโขทัย,0.0,0.0,0.0,0.0,0.0,0.0,แหล่งน้ำขนาดกลาง,0,0.0,0.0,0.0,0.0
หนองแสงทุ่ง,ร้อยเอ็ด,0.0,0.0,0.0,0.0,0.0,0.0,แหล่งน้ำขนาดกลาง,0,0.0,0.0,0.0,0.0
ซอนต้า,ราชบุรี,0.0,0.0,0.0,0.0,0.0,0.0,แหล่งน้ำขนาดกลาง,0,0.0,0.0,0.0,0.0
บึงโดน,ร้อยเอ็ด,0.0,0.0,0.0,0.0,0.0,0.0,แหล่งน้ำขนาดกลาง,0,0.0,0.0,0.0,0.0
หนองหวาย,ร้อยเอ็ด,0.0,0.0,0.0,0.0,0.0,0.0,แหล่งน้ำขนาดกลาง,0,0.0,0.0,0.0,0.0
หนองปลาหมอ,สุโขทัย,0.0,0.0,0.0,0.0,0.0,0.0,แหล่งน้ำขนาดกลาง,0,0.0,0.0,0.0,0.0
บึงลับแล,สุโขทัย,0.0,0.0,0.0,0.0,0.0,0.0,แหล่งน้ำขนาดกลาง,0,0.0,0.0,0.0,0.0
บึงฉวาก,สุพรรณบุรี,7.0,0.0,0.0,0.0,0.0,0.0,แหล่งน้ำขนาดกลาง,0,0.0,0.0,0.0,0.0
บึงเกลือ,ร้อยเอ็ด,0.0,0.0,0.0,0.0,0.0,0.0,แหล่งน้ำขนาดกลาง,0,0.0,0.0,0.0,0.0
บึงบ่อแก,ร้อยเอ็ด,0.0,0.0,0.0,0.0,0.0,0.0,แหล่งน้ำขนาดกลาง,0,0.0,0.0,0.0,0.0
หนองโคกพุทรา,อ่างทอง,4.0,0.0,0.0,0.0,0.0,0.0,แหล่งน้ำขนาดกลาง,0,0.0,0.0,0.0,0.0
บึงทุ่งโสกา,พิษณุโลก,0.0,0.0,0.0,0.0,0.0,0.0,แหล่งน้ำขนาดกลาง,0,0.0,0.0,0.0,0.0
หนองน้ำ,อ่างทอง,3.0,0.0,0.0,0.0,0.0,0.0,แหล่งน้ำขนาดกลาง,0,0.0,0.0,0.0,0.0
หนองอ้ายเหล็ก,อ่างทอง,3.0,0.0,0.0,0.0,0.0,0.0,แหล่งน้ำขนาดกลาง,0,0.0,0.0,0.0,0.0
หนองตางู,อุทัยธานี,0.0,0.0,0.0,0.0,0.0,0.0,แหล่งน้ำขนาดกลาง,0,0.0,0.0,0.0,0.0
หนองผีเผา,อุทัยธานี,0.0,0.0,0.0,0.0,0.0,0.0,แหล่งน้ำขนาดกลาง,0,0.0,0.0,0.0,0.0
ไม่มีชื่อ,อุทัยธานี,0.0,0.0,0.0,0.0,0.0,0.0,แหล่งน้ำขนาดกลาง,0,0.0,0.0,0.0,0.0
ฮอ่งแฮ่,ร้อยเอ็ด,0.0,0.0,0.0,0.0,0.0,0.0,แหล่งน้ำขนาดกลาง,0,0.0,0.0,0.0,0.0
หนองผือ,ร้อยเอ็ด,0.0,0.0,0.0,0.0,0.0,0.0,แหล่งน้ำขนาดกลาง,0,0.0,0.0,0.0,0.0
หนองสามขา,พิษณุโลก,0.0,0.0,0.0,0.0,0.0,0.0,แหล่งน้ำขนาดกลาง,0,0.0,0.0,0.0,0.0
คลองทุ่งเพล (เขื่อนพลวง),จันทบุรี,80.0,0.0,0.0,0.0,0.0,0.0,แหล่งน้ำขนาดกลาง,0,0.0,0.0,0.0,0.0
